krx_isu_cd,company_name,stock_code,market,is_financial_distress,pattern,category,dart_candidate_names
00001,조흥은행,000010,유가증권,False,B,0_non_distress,신한은행
00003,우리은행,000030,유가증권,True,C,,
00006,메리츠화재,000060,유가증권,False,B,0_non_distress,메리츠화재해상보험
00008,진로,000080,유가증권,True,B,5_unresolved,하이트진로
00011,제일은행,000110,유가증권,True,B,5_unresolved,한국스탠다드차타드은행
00013,한일은행,000130,유가증권,True,A,,
00016,대한중석,000160,유가증권,True,A,,
00017,LG금속,000170,유가증권,True,A,,
00020,대우중공업,000200,유가증권,True,A,,
00028,동아건설,000280,유가증권,True,A,,
00031,해태제과,000310,유가증권,True,A,,
00036,삼환기업,000360,유가증권,True,C,,
00038,대아건설,000380,코스닥,False,C,,
00042,로케트전기,000420,유가증권,True,C,,
00047,그린손해보험,000470,유가증권,True,C,,
00051,태화,000510,유가증권,True,A,,
00057,금호건설,000570,유가증권,True,A,,
00061,제일화재해상보험,000610,유가증권,True,C,,
00079,씨앤상선,000790,유가증권,True,C,,
00080,경남기업,000800,유가증권,True,C,,
00083,삼성물산,000830,유가증권,True,C,,
00084,한국벨트,000840,유가증권,True,A,,
00087,전진산업,000870,코스닥,True,A,,
00090,강원산업,000900,유가증권,True,A,,
00093,한화기계,000930,유가증권,True,A,,
00098,극동건설,000980,유가증권,True,A,,
00103,리젠트화재보험,001030,유가증권,True,A,,
00111,대농,001110,유가증권,True,A,,
00114,국보,001140,유가증권,True,C,,
00115,서통,001150,유가증권,True,C,,
00116,신원제이엠씨,001160,유가증권,True,A,,
00117,장은증권,001170,유가증권,True,A,,
00119,마이크로닉스,001190,유가증권,True,C,,
00128,우리증권,001280,유가증권,False,C,,
00130,제일모직,001300,유가증권,True,C,,
00131,풍림산업,001310,유가증권,True,C,,
00135,대한모방,001350,유가증권,True,A,,
00137,FNC코오롱,001370,유가증권,True,B,1_notation_diff,FnC코오롱
00140,동산씨앤지,001400,유가증권,True,A,,
00149,천지산업,001490,유가증권,True,C,,
00158,신광기업,001580,유가증권,True,C,,
00159,일화모직공업,001590,유가증권,True,C,,
00160,서광건설산업,001600,유가증권,True,C,,
00167,경남모직,001670,유가증권,True,C,,
00169,두산테크팩,001690,유가증권,True,A,,
00170,공영토건,001700,유가증권,True,A,,
00178,동양강철,001780,유가증권,True,B,5_unresolved,알루코
00183,동부일렉트로닉스,001830,유가증권,True,C,,
00185,임광토건,001850,코스닥,True,A,,
00188,DL건설,001880,유가증권,False,B,0_non_distress,디엘건설
00189,영창악기제조,001890,유가증권,True,B,5_unresolved,아이파크영창
00192,한보철강공업,001920,유가증권,True,A,,
00195,남한제지,001950,유가증권,True,C,,
00197,신성건설,001970,유가증권,True,B,5_unresolved,에스지신성건설
00198,대호,001980,유가증권,True,C,,
00199,자유건설,001990,코스닥,True,A,,
00200,한국유리공업,002000,유가증권,True,B,5_unresolved,생고뱅코리아홀딩스
00205,경향건설,002050,유가증권,True,A,,
00208,벽산개발,002080,유가증권,True,A,,
00213,피어리스,002130,유가증권,True,A,,
00218,삼익건설,002180,유가증권,True,A,,
00225,알보젠코리아,002250,유가증권,False,C,,
00227,롯데푸드,002270,유가증권,True,C,,
00230,한국제지,002300,유가증권,True,C,,
00234,유성,002340,유가증권,True,A,,
00247,동성,002470,유가증권,True,A,,
00248,범양사,002480,코스닥,True,C,,
00253,벽산건설,002530,유가증권,True,C,,
00254,고제,002540,유가증권,True,C,,
00255,KB손해보험,002550,유가증권,False,C,,
00258,삼미,002580,유가증권,True,A,,
00261,LGEI,002610,유가증권,True,A,,
00267,미주제강,002670,코스닥,True,C,,
00274,동양화학공업,002740,유가증권,True,A,,
00285,영풍산업,002850,유가증권,True,C,,
00286,하나은행,002860,유가증권,False,C,,
00293,삼도물산,002930,유가증권,True,C,,
00294,경동산업,002940,유가증권,True,A,,
00295,두산건설,002950,유가증권,True,C,,
00302,남양,003020,유가증권,True,C,,
00304,한일약품공업,003040,유가증권,True,C,,
00305,넥상스코리아,003050,유가증권,True,B,5_unresolved,링세오코리아
00311,대일화학공업,003110,유가증권,True,A,,
00319,알앤엘바이오,003190,유가증권,True,B,5_unresolved,알앤엘재생의학연구소
00322,대원제약,003220,코스닥,False,C,,
00326,서광,003260,유가증권,True,A,,
00329,엔케이텔레콤,003290,유가증권,True,A,,
00332,신한증권,003320,유가증권,True,A,,
00333,하나증권,003330,유가증권,False,B,0_non_distress,하나IB증권
00338,제일사료,003380,코스닥,True,B,5_unresolved,하림지주
00341,쌍용씨앤이,003410,유가증권,False,C,,
00343,유진화학,003430,코스닥,True,A,,
00345,현대증권,003450,유가증권,False,B,0_non_distress,케이비증권
00356,아이에이치큐,003560,유가증권,True,C,,
00359,광덕물산,003590,유가증권,True,C,,
00360,SK,003600,유가증권,True,C,,
00364,유니온스틸,003640,유가증권,True,C,,
00366,고려시멘트,003660,유가증권,True,C,,
00367,포스코케미칼,003670,코스닥,False,B,0_non_distress,포스코퓨처엠
00381,대우,003810,유가증권,True,A,,
00384,중원,003840,유가증권,True,A,,
00386,성담,003860,코스닥,True,A,,
00390,해태유업,003900,유가증권,True,B,5_unresolved,동원데어리푸드
00393,부흥,003930,유가증권,True,C,,
00394,삼양제넥스,003940,유가증권,True,C,,
00398,한일합섬,003980,유가증권,True,A,,
00399,BHK,003990,유가증권,True,C,,
00401,롯데미도파,004010,유가증권,True,C,,
00411,대선주조,004110,유가증권,True,A,,
00413,대덕GDS,004130,유가증권,True,C,,
00419,스마텔,004190,유가증권,True,C,,
00420,고려개발,004200,유가증권,True,C,,
00421,한일방직,004210,유가증권,True,A,,
00423,세신,004230,유가증권,True,C,,
00428,아시아차,004280,유가증권,True,A,,
00429,아이케이엔터프라이즈,004290,유가증권,True,A,,
00432,울트라건설,004320,코스닥,True,B,5_unresolved,호반산업
00439,오리온전기,004390,유가증권,True,A,,
00442,동국무역,004420,유가증권,True,A,,
00446,고합,004460,유가증권,True,A,,
00448,동방전자산업,004480,코스닥,True,A,,
00451,디와이홀딩스,004510,유가증권,True,C,,
00453,에스와이,004530,유가증권,True,C,,
00455,대우송도개발,004550,유가증권,True,C,,
00462,캠브리지코오롱,004620,유가증권,True,C,,
00466,신동방CP,004660,유가증권,True,C,,
00473,진로식품,004730,유가증권,True,A,,
00474,보루네오가구,004740,유가증권,True,C,,
00479,렉스엘이앤지,004790,코스닥,True,C,,
00482,조인에너지,004820,유가증권,True,C,,
00494,한국외환은행,004940,유가증권,True,B,5_unresolved,하나은행
00502,장기은행,005020,유가증권,True,A,,
00506,대우통신,005060,유가증권,True,A,,
00510,쌍용제지,005100,유가증권,True,A,,
00519,동성화학,005190,유가증권,True,C,,
00527,대구은행,005270,유가증권,False,B,0_non_distress,아이엠뱅크
00528,부산은행,005280,유가증권,False,C,,
00533,카스코,005330,유가증권,True,C,,
00535,봉신,005350,유가증권,True,B,5_unresolved,심팩인더스트리
00537,원진,005370,코스닥,True,A,,
00539,신성통상,005390,유가증권,True,C,,
00541,신광산업,005410,유가증권,True,A,,
00545,신한,005450,유가증권,True,C,,
00551,충청은행,005510,유가증권,True,A,,
00556,JS전선,005560,유가증권,True,B,1_notation_diff,제이에스전선
00558,삼익주택,005580,유가증권,True,A,,
00560,중앙제지,005600,유가증권,True,C,,
00562,대성합동지주,005620,유가증권,True,C,,
00566,한진건설,005660,유가증권,True,A,,
00576,위너스인프라인,005760,유가증권,True,C,,
00577,광주은행,005770,유가증권,True,A,,
00579,만도기계,005790,유가증권,True,A,,
00589,동원증권,005890,유가증권,False,C,,
00590,동양건설,005900,유가증권,True,B,1_notation_diff,동양건설산업
00598,성지건설,005980,유가증권,True,C,,
00600,남송개발,006000,코스닥,True,A,,
00607,기린,006070,유가증권,True,C,,
00615,한메NS,006150,유가증권,True,B,1_notation_diff,한메엔에스
00616,신화건설,006160,유가증권,True,A,,
00621,휴리프,006210,유가증권,True,C,,
00625,극동전선,006250,유가증권,True,C,,
00629,인천정유,006290,유가증권,True,A,,
00630,대전금고,006300,코스닥,True,A,,
00632,경기은행,006320,유가증권,True,A,,
00635,전북은행,006350,유가증권,False,C,,
00639,한일현대시멘트,006390,유가증권,True,C,,
00644,한일건설,006440,유가증권,True,C,,
00654,한국금고,006540,코스닥,True,A,,
00658,대양제지,006580,코스닥,True,B,1_notation_diff,대양제지공업
00659,강원은행,006590,유가증권,True,A,,
00660,동신제약,006600,유가증권,True,C,,
00661,경남은행,006610,유가증권,True,A,,
00675,센추리,006750,유가증권,True,C,,
00689,태경화학,006890,코스닥,False,B,0_non_distress,태경케미컬
00700,한주전자,007000,유가증권,True,A,,
00702,캡스,007020,코스닥,True,A,,
00705,유리이에스,007050,유가증권,True,C,,
00709,대동금고,007090,코스닥,False,A,,
00710,호남식품,007100,유가증권,True,A,,
00712,국제전자,007120,코스닥,False,B,0_non_distress,미래아이앤지
00715,동양텔레콤,007150,코스닥,True,C,,
00717,기아차판매,007170,유가증권,True,A,,
00719,한솔아트원제지,007190,유가증권,True,C,,
00720,진흥저축은행,007200,유가증권,True,C,,
00724,충북은행,007240,유가증권,True,A,,
00726,동화금고,007260,코스닥,True,A,,
00736,하나은행,007360,유가증권,True,A,,
00738,고합물산,007380,유가증권,True,A,,
00741,대우전자,007410,유가증권,True,A,,
00742,해동금고,007420,유가증권,True,A,,
00748,대한은박지,007480,유가증권,True,C,,
00749,태창기업,007490,유가증권,True,C,,
00763,폴루스바이오팜,007630,유가증권,True,C,,
00764,HK저축은행,007640,코스닥,True,B,5_unresolved,애큐온저축은행
00766,이수페타시스,007660,코스닥,False,C,,
00780,솔로몬저축은행,007800,유가증권,True,C,,
00783,부산저축은행,007830,코스닥,True,C,,
00784,한국협화화학공업,007840,코스닥,True,A,,
00791,세원화성,007910,유가증권,True,C,,
00793,대신석유,007930,코스닥,True,A,,
00800,도레이케미칼,008000,유가증권,False,C,,
00802,경남에너지,008020,유가증권,True,C,,
00803,아이텍스필,008030,코스닥,True,C,,
00805,경북금고,008050,코스닥,True,A,,
00808,에스와이코퍼레이션,008080,유가증권,True,C,,
00810,거성산업,008100,유가증권,True,A,,
00811,대동전자,008110,유가증권,True,C,,
00812,모토조이,008120,유가증권,True,B,5_unresolved,엠소닉
00819,신호전자,008190,유가증권,True,A,,
00827,산은캐피탈,008270,유가증권,True,C,,
00832,한국기술산업,008320,유가증권,True,C,,
00834,코레스,008340,코스닥,True,B,5_unresolved,대주코레스
00840,C&중공업,008400,유가증권,True,B,1_notation_diff,씨앤중공업
00844,아이넥스,008440,유가증권,True,A,,
00848,KEP전자,008480,유가증권,True,A,,
00850,일정실업,008500,유가증권,True,C,,
00853,일은증권,008530,유가증권,True,A,,
00854,케이비물산,008540,유가증권,True,C,,
00856,메리츠증권,008560,유가증권,False,C,,
00858,대성전기,008580,코스닥,True,A,,
00864,우성건설,008640,유가증권,True,A,,
00867,굿모닝신한증권,008670,유가증권,False,B,0_non_distress,신한투자증권
00869,한양,008690,유가증권,True,A,,
00872,삼양엔텍,008720,유가증권,True,C,,
00875,범양식품,008750,유가증권,True,A,,
00878,i 인프라,008780,코스닥,True,B,1_notation_diff,아이인프라
00880,행남사,008800,코스닥,True,C,,
00881,LG종금,008810,유가증권,True,A,,
00889,보람은행,008890,유가증권,True,A,,
00890,티이씨코,008900,유가증권,True,B,5_unresolved,티이씨앤코
00892,삼천전기,008920,코스닥,False,A,,
00898,동양현대종금,008980,유가증권,True,A,,
00899,중앙종금,008990,유가증권,True,A,,
00901,에듀언스,009010,코스닥,True,C,,
00903,대한종금,009030,유가증권,True,A,,
00905,대한알루미늄공업,009050,유가증권,True,A,,
00908,퍼시픽글라스,009080,유가증권,True,C,,
00922,그로웰전자,009220,코스닥,True,C,,
00928,다함이텍,009280,유가증권,True,C,,
00933,삼애인더스,009330,유가증권,True,A,,
00936,베네데스하이텍,009360,유가증권,True,C,,
00938,아세아페이퍼텍,009380,유가증권,True,C,,
00954,현대중공업,009540,코스닥,False,B,0_non_distress,HD한국조선해양
00965,현대차써비스,009650,유가증권,True,A,,
00969,케이엠에이치,009690,유가증권,True,C,,
00972,한국전기초자,009720,유가증권,True,C,,
00976,한국컴퓨터지주,009760,유가증권,True,B,5_unresolved,한국지주
00979,휴닉스,009790,유가증권,True,C,,
00984,갑을,009840,유가증권,True,A,,
00989,맥슨텔레콤,009890,유가증권,True,C,,
00994,대아리드선,009940,유가증권,True,C,,
01004,한국내화,010040,코스닥,False,C,,
01005,우리종금,010050,유가증권,False,B,0_non_distress,우리종합금융
01009,해태유통,010090,유가증권,True,B,5_unresolved,이마트에브리데이
01011,고려화학,010110,유가증권,True,A,,
01015,한국코아,010150,유가증권,True,B,5_unresolved,포스코티엠씨
01020,극동제혁,010200,유가증권,True,C,,
01033,라미화장품,010330,유가증권,True,A,,
01042,한솔피엔에스,010420,유가증권,False,C,,
01046,화인자산관리,010460,유가증권,True,C,,
01051,일진,010510,유가증권,True,A,,
01052,현대하이스코,010520,유가증권,True,C,,
01060,웰바이오텍,010600,유가증권,True,C,,
01062,HD현대미포,010620,유가증권,True,B,1_notation_diff,에이치디현대미포
01067,나노트로닉스,010670,코스닥,True,C,,
01073,금강화섬,010730,유가증권,True,C,,
01081,정일이엔씨,010810,코스닥,True,A,,
01096,삼호개발,010960,코스닥,False,C,,
01102,코오롱유화,011020,유가증권,True,C,,
01105,케드콤,011050,유가증권,True,C,,
01116,두산건설,011160,유가증권,False,C,,
01118,동국방직,011180,유가증권,True,A,,
01126,한국종금,011260,유가증권,True,A,,
01129,갑을방적,011290,유가증권,True,A,,
01140,케이씨오에너지,011400,유가증권,True,B,5_unresolved,아진카인텍
01145,송원칼라,011450,유가증권,True,A,,
01147,기산,011470,유가증권,True,A,,
01151,청구,011510,유가증권,True,A,,
01165,LG정보통신,011650,유가증권,True,A,,
01172,현대페인트,011720,유가증권,True,C,,
01180,배명금속,011800,유가증권,True,C,,
01182,한국물산,011820,유가증권,True,A,,
01184,계몽사,011840,유가증권,True,A,,
01187,삼보지질,011870,코스닥,True,A,,
01188,현대종금,011880,유가증권,True,A,,
01189,제일곡산,011890,코스닥,True,A,,
01194,태영판지공업,011940,유가증권,True,A,,
01196,새한종금,011960,유가증권,True,A,,
01201,삼산,012010,코스닥,True,A,,
01209,성원건설,012090,유가증권,True,C,,
01221,삼미금속,012210,코넥스,False,C,,
01222,동국전자,012220,유가증권,True,A,,
01225,셰프라인,012250,유가증권,True,C,,
01226,이지닷컴,012260,유가증권,True,A,,
01227,동신,012270,유가증권,True,A,,
01235,한국체인공업,012350,코스닥,True,A,,
01240,허메스홀딩스,012400,유가증권,True,C,,
01241,글로스텍,012410,유가증권,True,C,,
01242,메리츠종금,012420,유가증권,True,B,3_merger_split_heuristic,메리츠종합금융
01246,우영,012460,코스닥,True,C,,
01247,영진테크,012470,유가증권,True,A,,
01254,일신,012540,코스닥,True,A,,
01258,톰보이,012580,유가증권,True,B,5_unresolved,신세계톰보이
01260,청호ICT,012600,유가증권,True,C,,
01265,쌍용건설,012650,코스닥,True,C,,
01267,환영철강공업,012670,유가증권,True,A,,
01271,한스종금,012710,유가증권,True,A,,
01272,건영,012720,유가증권,True,C,,
01276,동아정기,012760,유가증권,True,B,5_unresolved,하스코
01283,현대리바트,012830,유가증권,True,A,,
01291,한라시멘트,012910,유가증권,True,A,,
01299,LG석유화학,012990,유가증권,True,C,,
01307,태양이앤테크,013070,유가증권,True,A,,
01309,이트로닉스,013090,유가증권,True,A,,
01320,씨앤우방,013200,유가증권,True,B,5_unresolved,우방
01324,셀런,013240,유가증권,True,C,,
01325,대양상호신용금고,013250,유가증권,True,A,,
01331,아진산업,013310,코스닥,True,C,,
01332,삼경정밀,013320,코스닥,True,A,,
01334,AJS,013340,코스닥,True,B,5_unresolved,뉴아세아
01345,동성하이켐,013450,코스닥,False,C,,
01363,휴먼이노텍,013630,코스닥,True,A,,
01365,데코,013650,코스닥,False,C,,
01378,아큐텍,013780,코스닥,True,C,,
01382,피앤텍,013820,유가증권,True,A,,
01385,교하,013850,코스닥,True,A,,
01389,지누스,013890,유가증권,True,C,,
01390,두원중공업,013900,코스닥,True,A,,
01401,인터피온반도체,014010,유가증권,True,C,,
01404,GPS,014040,유가증권,True,A,,
01408,뉴맥스,014080,유가증권,True,A,,
01409,석천,014090,코스닥,True,A,,
01415,한외종금,014150,유가증권,True,A,,
01420,광림,014200,코스닥,True,C,,
01430,선진지주,014300,유가증권,True,C,,
01434,한국종합철관,014340,코스닥,True,A,,
01435,신일건업,014350,유가증권,True,C,,
01438,대동,014380,코스닥,True,A,,
01442,프로비타,014420,코스닥,True,C,,
01443,한길종금,014430,유가증권,True,A,,
01459,티엘씨레저,014590,유가증권,True,B,5_unresolved,지앤엘
01474,금호케미칼,014740,유가증권,True,A,,
01490,삼보컴퓨터,014900,유가증권,True,B,5_unresolved,에스컴
01505,비전하이테크,015050,코스닥,True,B,5_unresolved,엘트온
01506,미주실업,015060,코스닥,True,A,,
01511,중앙건설,015110,유가증권,True,C,,
01515,다산,015150,코스닥,True,A,,
01517,중앙바이오텍,015170,코스닥,True,C,,
01520,비앤비성원,015200,코스닥,True,B,5_unresolved,성원
01535,부산도시가스,015350,유가증권,False,C,,
01539,엘앤씨피,015390,코스닥,True,C,,
01554,에코바이브,015540,유가증권,True,C,,
01558,신한은행,015580,유가증권,True,A,,
01562,현대울산종금,015620,유가증권,True,A,,
01565,리젠트종금,015650,유가증권,True,A,,
01567,AP우주통신,015670,유가증권,True,C,,
01573,대우정밀공업,015730,유가증권,True,A,,
01588,태화쇼핑,015880,유가증권,True,A,,
01591,유산실업,015910,코스닥,True,A,,
01594,LG데이콤,015940,유가증권,True,B,1_notation_diff,엘지데이콤
01604,디에스피,016040,코스닥,True,B,1_notation_diff,디에스피이엔티
01614,웨스테이트,016140,코스닥,True,B,5_unresolved,두함지개발
01616,오라바이오틱스,016160,유가증권,True,C,,
01617,카카오M,016170,코스닥,False,B,0_non_distress,카카오엠
01639,나라종금,016390,유가증권,True,A,,
01642,NH농협증권,016420,유가증권,True,C,,
01645,한세실업,016450,코스닥,False,B,0_non_distress,한세예스24홀딩스
01651,현대DSF,016510,유가증권,True,C,,
01655,한별텔레콤,016550,유가증권,True,A,,
01656,서울저축은행,016560,유가증권,True,B,5_unresolved,서울상호저축은행
01657,태평양제약,016570,유가증권,True,B,5_unresolved,에스트라
01664,신화,016640,유가증권,True,A,,
01668,태흥피혁,016680,유가증권,True,A,,
01683,한미은행,016830,유가증권,True,B,5_unresolved,한국씨티은행
01689,대웅바이오,016890,코스닥,False,C,,
01697,씨크롭,016970,유가증권,True,C,,
01699,LG마이크론,016990,코스닥,False,C,,
01701,제너비오믹스,017010,코스닥,True,C,,
01705,스타맥스,017050,코스닥,True,C,,
01709,풍연,017090,코스닥,True,A,,
01712,바로크,017120,유가증권,True,A,,
01716,세븐코스프,017160,코스닥,True,C,,
01717,훈영,017170,유가증권,True,C,,
01721,코닉스,017210,코스닥,True,A,,
01730,에이치비이에너지,017300,유가증권,True,C,,
01732,태일정밀,017320,유가증권,True,A,,
01737,우신시스템,017370,코스닥,False,C,,
01762,라인건설,017620,코스닥,True,A,,
01768,데코앤이,017680,코스닥,True,B,5_unresolved,데코앤에프
01774,주화산업,017740,코스닥,True,A,,
01802,스타리스,018020,유가증권,True,A,,
01818,텔슨정보통신,018180,코스닥,True,C,,
01836,메디슨,018360,유가증권,True,A,,
01838,유진산업,018380,코스닥,True,A,,
01841,현대금속,018410,유가증권,True,C,,
01848,부산리스금융,018480,코스닥,True,A,,
01855,한국안전유리,018550,유가증권,True,A,,
01857,선진금속,018570,유가증권,True,A,,
01859,KNC,018590,유가증권,True,A,,
01872,동양기공,018720,코스닥,True,A,,
01889,모라리소스,018890,코스닥,True,B,5_unresolved,브이오산업
01912,경윤하이드로,019120,코스닥,True,B,1_notation_diff,경윤하이드로에너지
01926,엔케이바이오,019260,코스닥,True,B,5_unresolved,셀텍
01930,태림페이퍼,019300,유가증권,True,C,,
01943,넥서스투자,019430,코스닥,True,B,5_unresolved,위더스기술금융
01944,세아특수강,019440,유가증권,False,C,,
01956,한국파트너스,019560,코스닥,True,B,5_unresolved,한국투자파트너스
01959,에스유앤피,019590,코스닥,True,C,,
01964,희훈디앤지,019640,코스닥,True,C,,
01993,기라정보통신,019930,유가증권,True,C,,
02007,에버리소스,020070,코스닥,True,C,,
02049,아이씨켐,020490,코스닥,True,A,,
02056,아시아나항공,020560,코스닥,False,C,,
02086,리타워텍,020860,코스닥,True,A,,
02088,동마산업,020880,코스닥,True,A,,
02106,한림창투,021060,코스닥,True,B,5_unresolved,한림창업투자
02109,케미그라스,021090,코스닥,True,A,,
02117,고려석유화학,021170,유가증권,True,A,,
02124,웅진코웨이,021240,코스닥,False,B,0_non_distress,코웨이
02131,동화은행,021310,유가증권,True,A,,
02157,알루코,021570,코스닥,True,C,,
02160,대동은행,021600,유가증권,True,A,,
02161,동남은행,021610,유가증권,True,A,,
02174,세화기술투자,021740,코스닥,False,A,,
02187,중앙리스금융,021870,코스닥,True,A,,
02193,경남리스,021930,코스닥,False,A,,
02196,KB캐피탈,021960,유가증권,False,B,0_non_distress,케이비캐피탈
02206,삼성투신증권,022060,코스닥,False,A,,
02210,포스코DX,022100,코스닥,False,C,,
02222,에이콘,022220,코스닥,True,B,5_unresolved,티케이지애강
02251,동호전기,022510,코스닥,True,A,,
02252,코오롱아이넷,022520,유가증권,True,C,,
02261,한일,022610,코스닥,True,A,,
02277,금강정공,022770,코스닥,True,A,,
02278,옵셔널벤처스,022780,코스닥,True,A,,
02287,평화은행,022870,코스닥,True,A,,
02302,동양매직,023020,코스닥,False,C,,
02313,국민은행,023130,유가증권,True,A,,
02314,다다,023140,코스닥,True,A,,
02342,유진종합개발,023420,코스닥,False,C,,
02343,아이이,023430,코스닥,True,C,,
02346,CNH,023460,코스닥,True,B,5_unresolved,씨앤에이치
02367,알이엔,023670,코스닥,True,B,5_unresolved,알이네트웍스
02371,익산,023710,코스닥,True,A,,
02378,신한캐피탈,023780,코스닥,True,A,,
02381,인팩,023810,코스닥,False,C,,
02388,삼협산업,023880,코스닥,True,A,,
02389,한국아트라스비엑스,023890,코스닥,False,C,,
02408,카리스소프트,024080,코스닥,True,A,,
02409,디씨엠,024090,코스닥,False,C,,
02410,제일저축은행,024100,유가증권,True,C,,
02411,기업은행,024110,코스닥,False,C,,
02466,하림홀딩스,024660,코스닥,False,C,,
02472,한국콜마,024720,코스닥,False,B,0_non_distress,콜마홀딩스
02481,이화전기,024810,코스닥,True,B,1_notation_diff,이화전기공업
02487,유성티에스아이,024870,유가증권,True,C,,
02492,동신특강,024920,코스닥,True,A,,
02493,국정교과서,024930,코스닥,False,A,,
02496,영남종금,024960,유가증권,True,A,,
02508,외환리스,025080,코스닥,True,A,,
02509,대구리스금융,025090,코스닥,True,A,,
02515,삼주건설,025150,코스닥,True,A,,
02522,중앙금고,025220,코스닥,True,A,,
02527,부산방직,025270,코스닥,False,B,0_non_distress,부산방직공업
02534,그린기술투자,025340,코스닥,True,C,,
02545,한마음저축은,025450,코스닥,True,B,5_unresolved,한마음상호저축은행
02546,팬텀엔터그룹,025460,코스닥,True,B,1_notation_diff,팬텀엔터테인먼트그룹
02561,한국저축은행,025610,유가증권,True,C,,
02569,동방라이텍,025690,코스닥,True,C,,
02583,한국합섬,025830,유가증권,True,C,,
02584,레이디,025840,유가증권,True,A,,
02585,한화화인케미칼,025850,유가증권,True,C,,
02592,우경,025920,코스닥,True,C,,
02593,팬택,025930,유가증권,True,B,1_notation_diff,팬택자산관리
02597,알덱스,025970,코스닥,False,C,,
02618,현대정보기술,026180,코스닥,False,C,,
02622,에스티씨라이프,026220,코스닥,True,C,,
02623,IDH,026230,코스닥,True,B,1_notation_diff,아이디에이치
02624,동남리스,026240,코스닥,True,A,,
02625,삼우이엠씨,026250,코스닥,True,C,,
02626,위너지스,026260,코스닥,True,C,,
02654,제일창투,026540,코스닥,True,B,5_unresolved,제일창업투자
02687,코원에너지서비스,026870,유가증권,True,C,,
02692,영성제강,026920,코스닥,True,A,,
02693,한양철강공업,026930,코스닥,True,A,,
02694,부국철강,026940,코스닥,False,C,,
02695,한일제관,026950,코스닥,True,A,,
02696,동서,026960,코스닥,False,C,,
02697,대백저축은행,026970,코스닥,True,C,,
02735,텔슨전자,027350,코스닥,True,C,,
02739,한화갤러리아타임월드,027390,유가증권,False,C,,
02744,코리아이앤디,027440,코스닥,True,C,,
02746,한국주택은행,027460,유가증권,True,A,,
02756,케이디엠,027560,코스닥,True,A,,
02761,대륭,027610,코스닥,True,A,,
02770,대백쇼핑,027700,코스닥,True,C,,
02774,마니커,027740,코스닥,False,C,,
02784,한국고덴시,027840,유가증권,True,C,,
02789,스탠더드텔레,027890,코스닥,True,A,,
02804,미래SCI,028040,코스닥,True,C,,
02809,네오퍼플,028090,코스닥,True,C,,
02815,GS홈쇼핑,028150,코스닥,False,B,0_non_distress,지에스홈쇼핑
02880,금호건설,028800,유가증권,True,A,,
02947,한국대아진공,029470,코스닥,True,A,,
02989,현대반도체,029890,유가증권,True,A,,
02996,코엔텍,029960,코스닥,False,C,,
03003,중앙디자인,030030,코스닥,True,C,,
03019,NICE평가정보,030190,코스닥,False,C,,
03027,에스마크,030270,코스닥,True,C,,
03039,쏠라엔텍,030390,코스닥,True,C,,
03042,디패션,030420,코스닥,True,C,,
03061,교보증권,030610,코스닥,False,C,,
03070,한통엠닷컴,030700,코스닥,False,A,,
03071,동아금고,030710,유가증권,True,A,,
03079,비케이탑스,030790,유가증권,True,C,,
03095,보진재,030950,코스닥,True,C,,
03097,주은리스,030970,코스닥,True,A,,
03109,화니백화점,031090,코스닥,True,A,,
03115,국민카드,031150,코스닥,False,B,0_non_distress,국민은행
03139,녹십자셀,031390,코스닥,False,C,,
03144,신세계푸드,031440,코스닥,False,C,,
03180,ST&I,031800,코스닥,True,B,1_notation_diff,에스티앤아이
03192,신민저축은행,031920,코스닥,True,B,5_unresolved,조은저축은행
03195,에듀패스,031950,코스닥,True,C,,
03196,동산진흥,031960,코스닥,True,C,,
03197,엠바이엔,031970,코스닥,True,C,,
03199,대선조선,031990,코스닥,True,C,,
03203,일공공일안경,032030,코스닥,True,B,1_notation_diff,일공공일안경콘택트
03204,C&S자산관리,032040,코스닥,True,B,1_notation_diff,씨앤에스자산관리
03205,후야인포넷,032050,코스닥,True,C,,
03215,으뜸저축은행,032150,코스닥,True,B,5_unresolved,으뜸상호저축은행
03218,이수세라믹,032180,코스닥,True,C,,
03229,알티전자,032290,코스닥,True,B,5_unresolved,케이디지엠텍
03238,핸디소프트,032380,코스닥,True,C,,
03239,KTF,032390,유가증권,True,B,5_unresolved,케이티프리텔
03242,터보테크,032420,코스닥,True,C,,
03256,황금에스티,032560,코스닥,False,C,,
03257,카라반케이디이,032570,코스닥,True,C,,
03259,엔토리노,032590,코스닥,True,C,,
03260,한국디지탈,032600,코스닥,True,B,5_unresolved,애드모바일
03261,에스오케이,032610,코스닥,True,C,,
03264,LG텔레콤,032640,코스닥,False,B,0_non_distress,LG유플러스
03271,LG카드,032710,유가증권,False,B,0_non_distress,신한카드
03278,테라,032780,코스닥,True,A,,
03293,에이스앤파트너스,032930,코스닥,False,C,,
03298,바이온,032980,코스닥,True,C,,
03302,세아메탈,033020,코스닥,True,C,,
03303,지오엠씨,033030,코스닥,True,C,,
03304,세림아이텍,033040,코스닥,True,A,,
03307,삼한콘트롤스,033070,코스닥,True,A,,
03311,코너스톤네트웍스,033110,코스닥,True,C,,
03318,KH 필룩스,033180,유가증권,True,B,1_notation_diff,케이에이치필룩스
03319,폴켐,033190,코스닥,True,C,,
03321,삼화기연,033210,코스닥,True,C,,
03322,남성알미늄,033220,코스닥,True,B,5_unresolved,피엔에스커튼월
03326,쌈지,033260,코스닥,True,C,,
03327,유나이티드,033270,코스닥,False,C,,
03328,어울림엘시스,033280,코스닥,True,C,,
03330,보성인터,033300,코스닥,True,A,,
03333,두림티앤씨,033330,코스닥,True,C,,
03335,대진정밀화학,033350,코스닥,True,A,,
03343,디에스티,033430,코스닥,True,C,,
03351,어필텔레콤,033510,코스닥,True,A,,
03353,세종공업,033530,코스닥,False,B,0_non_distress,SJG세종
03355,룩손에너지,033550,코스닥,True,B,5_unresolved,일레덱스홀딩스
03360,럭슬,033600,코스닥,True,C,,
03363,SK브로드밴드,033630,코스닥,True,B,1_notation_diff,에스케이브로드밴드
03366,우리금융캐피탈,033660,유가증권,False,C,,
03372,블루스톤,033720,코스닥,True,B,1_notation_diff,블루스톤디앤아이
03385,지노시스템,033850,코스닥,True,C,,
03388,블루멈,033880,코스닥,True,B,5_unresolved,룩소네이트
03392,무학,033920,코스닥,False,C,,
03401,트라이써클,034010,코스닥,True,C,,
03412,SBS,034120,코스닥,False,C,,
03416,박현주 1호,034160,코스닥,False,A,,
03417,박현주 2호,034170,코스닥,False,A,,
03418,알바트로스,034180,유가증권,False,A,,
03419,코스파이더,034190,유가증권,True,A,,
03420,박현주3호,034200,유가증권,False,A,,
03423,파라다이스,034230,코스닥,False,C,,
03426,삼성다이나믹,034260,코스닥,False,A,,
03427,삼성 프라임,034270,코스닥,False,A,,
03428,박현주 4호,034280,코스닥,False,A,,
03429,박현주 5호,034290,코스닥,False,A,,
03430,신세계건설,034300,유가증권,False,C,,
03432,에머랄드 1호,034320,코스닥,False,A,,
03433,사파이어전환,034330,코스닥,False,A,,
03434,사파이어성장,034340,코스닥,False,A,,
03435,트윈스챌린지,034350,코스닥,False,A,,
03443,한빛세이프일,034430,코스닥,False,A,,
03444,한빛세이프이,034440,코스닥,False,A,,
03445,이글 1호,034450,코스닥,False,A,,
03446,이글 2호,034460,코스닥,False,A,,
03447,동원장보고1,034470,코스닥,False,A,,
03451,무한투자,034510,코스닥,True,C,,
03456,이글3호,034560,코스닥,False,A,,
03457,이글4호,034570,코스닥,False,A,,
03458,플래티넘1호,034580,유가증권,False,A,,
03460,글로웍스,034600,코스닥,True,C,,
03465,성공파트너1,034650,코스닥,False,A,,
03466,제넥셀,034660,코스닥,True,B,1_notation_diff,제넥셀세인
03475,디씨씨,034750,코스닥,True,B,5_unresolved,현대에이치씨엔동작방송
03476,호크아이즈,034760,코스닥,False,A,,
03477,SEI에셋,034770,유가증권,False,A,,
03482,드림,034820,코스닥,False,A,,
03483,한국토지신탁,034830,코스닥,False,C,,
03484,트윈스비전일,034840,유가증권,False,A,,
03485,플래티넘2호,034850,유가증권,False,A,,
03492,하이프로,034920,코스닥,False,A,,
03496,드림2호,034960,코스닥,False,A,,
03497,올에버,034970,코스닥,True,A,,
03498,이론테크,034980,코스닥,True,A,,
03499,플러스1호,034990,유가증권,False,A,,
03501,소예,035010,코스닥,True,C,,
03503,파이오니어,035030,코스닥,False,A,,
03504,플래티넘3호,035040,유가증권,False,A,,
03505,플래티넘타겟,035050,유가증권,False,A,,
03516,플러스2호,035160,코스닥,False,A,,
03521,티브로드도봉강북방송,035210,코스닥,True,C,,
03525,강원랜드,035250,코스닥,False,C,,
03527,청람디지탈,035270,코스닥,True,C,,
03530,실크로드,035300,코스닥,False,A,,
03531,실크로드2호,035310,코스닥,False,A,,
03532,알바트로스2,035320,코스닥,False,A,,
03533,드림3호,035330,코스닥,False,A,,
03534,엠피챌린지,035340,유가증권,False,A,,
03540,브이에스에스티,035400,코스닥,True,B,5_unresolved,쓰리디넷
03541,플러스3호,035410,코스닥,False,A,,
03542,NHN,035420,코스닥,False,B,0_non_distress,NAVER
03543,드림라인,035430,코스닥,True,C,,
03545,지아이바이오,035450,코스닥,True,C,,
03547,드림4호,035470,코스닥,False,A,,
03548,제이테크놀로지,035480,코스닥,True,B,5_unresolved,글로앤웰
03550,써니트렌드,035500,코스닥,True,C,,
03551,신세계I&C,035510,코스닥,False,C,,
03552,삼성그랑프리,035520,코스닥,False,A,,
03553,프라임성장형,035530,코스닥,False,A,,
03554,드림5호,035540,코스닥,False,A,,
03559,마이다스성일,035590,유가증권,False,A,,
03567,챌린지전환1,035670,코스닥,False,A,,
03568,챌린지성장2,035680,코스닥,False,A,,
03570,드림6호,035700,코스닥,False,A,,
03571,CL,035710,코스닥,True,B,1_notation_diff,씨엘엘씨디
03572,카카오,035720,코스닥,False,C,,
03578,그로웰텔레콤,035780,코스닥,True,C,,
03579,드림7호,035790,코스닥,False,A,,
03582,크린1호,035820,코스닥,False,A,,
03583,메카포럼,035830,코스닥,True,C,,
03586,드림8호,035860,코스닥,False,A,,
03587,호성,035870,코스닥,True,C,,
03588,마이다스자일,035880,코스닥,False,A,,
03591,현대멀티캡,035910,코스닥,True,C,,
03593,에스이아이채,035930,코스닥,False,A,,
03594,에스이아이주,035940,코스닥,False,A,,
03595,케이알,035950,코스닥,True,C,,
03596,바이오시스,035960,코스닥,True,C,,
03597,교보그로쓰,035970,코스닥,False,A,,
03598,교보 본드,035980,코스닥,False,A,,
03602,한아시스템,036020,코스닥,True,C,,
03604,마이다스전일,036040,코스닥,False,A,,
03606,한강기금,036060,유가증권,False,B,0_non_distress,한강구조조정기금
03618,지더블유바이텍,036180,코스닥,True,C,,
03621,태산엘시디,036210,코스닥,True,C,,
03622,인포피아,036220,코스닥,True,B,5_unresolved,오상헬스케어
03626,이매진아시아,036260,코스닥,True,C,,
03627,헤쎄나,036270,코스닥,True,C,,
03628,뉴켐진스템셀,036280,코스닥,True,B,5_unresolved,남산물산
03630,실크자산 1,036300,코스닥,False,A,,
03631,크린2호,036310,코스닥,False,A,,
03633,리젠트자산1,036330,코스닥,False,A,,
03636,3SOFT,036360,코스닥,True,B,5_unresolved,쓰리소프트
03639,대신불펀드일,036390,유가증권,False,A,,
03640,마이다스테크,036400,코스닥,False,A,,
03642,제이콘텐트리,036420,코스닥,False,B,0_non_distress,콘텐트리중앙
03643,다임전환일호,036430,코스닥,False,A,,
03644,다임보험일호,036440,코스닥,False,A,,
03649,SK머티리얼즈,036490,코스닥,False,B,0_non_distress,에스케이머티리얼즈
03650,에스에스컴텍,036500,코스닥,True,C,,
03653,주식회사삼영,036530,코스닥,False,B,0_non_distress,SNT홀딩스
03655,에이스디지텍,036550,코스닥,False,C,,
03657,엔씨소프트,036570,코스닥,False,B,0_non_distress,NC
03659,케이엔티,036590,코스닥,True,C,,
03660,지니웍스,036600,코스닥,True,C,,
03661,지디코프,036610,코스닥,True,C,,
03665,실크자산2,036650,코스닥,False,A,,
03666,플러스프로핏,036660,코스닥,True,C,,
03672,한빛네트,036720,코스닥,True,C,,
03676,KNS홀딩스,036760,코스닥,True,B,1_notation_diff,케이엔에스홀딩스
03678,알바트로스3,036780,코스닥,False,A,,
03679,자강,036790,코스닥,True,C,,
03682,BET,036820,코스닥,True,B,1_notation_diff,비이티
03684,히스토스템,036840,코스닥,True,B,5_unresolved,휴코드홀딩스
03685,나리지*온,036850,코스닥,False,C,,
03687,장인환1호,036870,유가증권,False,A,,
03688,맥시스템,036880,코스닥,True,C,,
03690,택산아이엔씨,036900,코스닥,True,B,5_unresolved,이레아이엔씨
03691,세원텔레콤,036910,코스닥,True,C,,
03692,지앤에스티,036920,코스닥,True,C,,
03695,유리중립일,036950,코스닥,False,A,,
03696,유리피아이일,036960,코스닥,False,A,,
03697,리젠트성장1,036970,코스닥,False,A,,
03701,넷컴스토리지,037010,코스닥,True,C,,
03702,한와이어리스,037020,코스닥,True,C,,
03703,파워넷,037030,코스닥,True,C,,
03704,실크자산3,037040,코스닥,False,A,,
03706,시큐어소프트,037060,코스닥,True,C,,
03711,JS,037110,코스닥,True,B,1_notation_diff,제이에스
03712,한신코퍼,037120,코스닥,True,B,1_notation_diff,한신코퍼레이션
03715,CJ인터넷,037150,코스닥,False,B,0_non_distress,씨제이인터넷
03718,알바트로스 4,037180,코스닥,False,A,,
03719,이글5호,037190,코스닥,False,A,,
03720,다산씨앤아이,037200,코스닥,True,A,,
03722,넥스텔,037220,코스닥,True,C,,
03724,평안물산,037240,코스닥,True,C,,
03725,대흥멀티통신,037250,코스닥,True,B,5_unresolved,대흥멀티미디어통신
03728,시스컴,037280,코스닥,True,A,,
03732,시노펙스그린테크,037320,코스닥,False,C,,
03734,씨엘인터내셔널,037340,코스닥,True,B,5_unresolved,에이치씨코퍼레이션
03736,KTB전환형1,037360,코스닥,False,A,,
03738,에이원마이크로,037380,코스닥,True,C,,
03741,코리아링크,037410,코스닥,True,A,,
03743,리젠트프로1,037430,코스닥,False,A,,
03748,박현주2성장,037480,유가증권,False,A,,
03749,박현주자산1,037490,코스닥,False,A,,
03750,굿라이프5,037500,코스닥,False,B,0_non_distress,미래에셋굿라이프혼합형자녀를위한펀드5-1
03751,굿라이프10-MF,037510,코스닥,False,B,0_non_distress,미래에셋굿라이프혼합형자녀를위한투자회사10-1
03752,유리아이피일,037520,코스닥,False,A,,
03753,유리배분일,037530,코스닥,False,A,,
03754,네스테크,037540,코스닥,True,C,,
03755,클라스타,037550,코스닥,True,C,,
03760,씨모스,037600,코스닥,True,C,,
03762,미래에셋증권,037620,유가증권,True,C,,
03763,에스비엠,037630,코스닥,True,C,,
03764,대경테크노스,037640,코스닥,True,B,5_unresolved,지에스엔텍
03765,성진산업,037650,코스닥,True,C,,
03767,엘리트1호,037670,코스닥,False,A,,
03770,토자이홀딩스,037700,코스닥,True,C,,
03773,3R,037730,코스닥,True,B,5_unresolved,쓰리알
03774,디지텔,037740,코스닥,True,A,,
03775,엔써,037750,코스닥,True,B,1_notation_diff,엔써커뮤니티
03777,박현주3성장,037770,코스닥,False,A,,
03778,박현주4성장,037780,코스닥,False,A,,
03783,글로포스트,037830,코스닥,True,C,,
03802,월드그랜드1,038020,코스닥,False,A,,
03803,박현주5호,038030,코스닥,False,A,,
03805,트래픽ITS,038050,코스닥,True,B,1_notation_diff,트래픽아이티에스
03810,아이엠아이티,038100,코스닥,True,C,,
03812,AD모터스,038120,코스닥,True,B,1_notation_diff,에이디모터스
03816,팍스넷,038160,코스닥,True,C,,
03827,옵티멈전환일,038270,유가증권,False,A,,
03828,벤처코스닥,038280,코스닥,False,A,,
03831,마이다스전이,038310,코스닥,False,A,,
03832,어울림정보,038320,코스닥,True,B,1_notation_diff,어울림정보기술
03834,MIT,038340,코스닥,True,B,5_unresolved,무궁화인포메이션테크놀로지
03837,KTB벤처1,038370,코스닥,False,A,,
03838,KTB자산배분2,038380,코스닥,False,A,,
03840,외환신용카드,038400,유가증권,True,C,,
03841,트라이콤,038410,코스닥,True,C,,
03842,씨엔씨엔터,038420,코스닥,True,B,1_notation_diff,씨엔씨엔터프라이즈
03848,박현주6호,038480,코스닥,False,A,,
03852,썬트로닉스,038520,코스닥,True,A,,
03858,미래하이1호,038580,코스닥,False,A,,
03869,에이스일렉,038690,코스닥,True,B,1_notation_diff,에이스일렉트로닉스
03871,BRN사이언스,038710,코스닥,True,B,5_unresolved,콜마파마
03872,유일엔시스,038720,코스닥,True,C,,
03876,KTB전환형41,038760,코스닥,False,A,,
03877,글로벌하이1,038770,코스닥,False,A,,
03881,포이보스,038810,코스닥,True,C,,
03883,케이엠에스,038830,코스닥,True,C,,
03892,지이엔에프,038920,코스닥,True,B,5_unresolved,에이치에스씨홀딩스
03894,박현주7성장,038940,코스닥,False,A,,
03896,현주컴퓨터,038960,코스닥,True,C,,
03898,이지클럽,038980,코스닥,True,C,,
03899,넥스콘테크,038990,코스닥,True,B,1_notation_diff,넥스콘테크놀러지
03900,써미트,039000,코스닥,True,B,1_notation_diff,써미트테크놀로지
03904,유니텍전자,039040,코스닥,True,C,,
03905,마이다스테2,039050,코스닥,False,A,,
03906,아이비진,039060,코스닥,True,C,,
03911,에스피컴텍,039110,코스닥,True,C,,
03913,하나투어,039130,코스닥,False,C,,
03916,월드그랜드2,039160,코스닥,False,A,,
03917,징기스칸1호,039170,코스닥,False,A,,
03918,동원장보고2,039180,코스닥,False,A,,
03921,미래하이2호,039210,코스닥,False,A,,
03922,미래아이티1,039220,코스닥,False,A,,
03923,에이아이비트,039230,코스닥,True,B,5_unresolved,제이앤케이인더스트리
03927,리젠트빅히트,039270,코스닥,False,A,,
03928,유리앙상블,039280,코스닥,False,A,,
03935,헤파호프,039350,코스닥,True,B,1_notation_diff,헤파호프코리아
03937,KTB벤처2,039370,코스닥,False,A,,
03938,옵티멈전환2,039380,코스닥,False,A,,
03939,윌텍,039390,코스닥,True,B,1_notation_diff,윌텍정보통신
03949,키움증권,039490,코스닥,False,C,,
03950,마인,039500,코스닥,False,A,,
03952,플래티넘이천,039520,코스닥,False,A,,
03953,씨앤케이인터,039530,코스닥,True,B,1_notation_diff,씨앤케이인터내셔널
03954,마이다스페셜,039540,코스닥,True,A,,
03958,피코소프트,039580,코스닥,True,C,,
03967,스포츠서울,039670,코스닥,True,C,,
03972,CJ프론티어,039720,코스닥,False,A,,
03979,위노바,039790,코스닥,True,C,,
03985,태창파로스,039850,코스닥,True,C,,
03987,피케이엘,039870,코스닥,True,C,,
03992,마이다스하전,039920,코스닥,False,A,,
03999,코아정보,039990,코스닥,True,B,1_notation_diff,코아정보시스템
04002,사라콤,040020,코스닥,True,C,,
04013,엔플렉스,040130,코스닥,True,C,,
04018,대양글로벌,040180,코스닥,True,C,,
04026,미래아이티2,040260,코스닥,False,A,,
04027,미래하이3,040270,코스닥,False,A,,
04038,한가족주식,040380,코스닥,False,A,,
04052,마이다스테3,040520,코스닥,False,A,,
04067,와이즈파워,040670,코스닥,True,C,,
04074,아인스M&M,040740,코스닥,True,B,1_notation_diff,아인스엠앤엠
04075,벨로체피아노,040750,코스닥,True,A,,
04078,유니씨앤티,040780,코스닥,True,A,,
04086,마이다스코코,040860,코스닥,False,A,,
04094,미래아이티3,040940,코스닥,False,A,,
04095,미래하이4,040950,코스닥,False,A,,
04103,이루넷,041030,코스닥,True,C,,
04106,아라온테크,041060,코스닥,True,C,,
04114,넥슨지티,041140,코스닥,False,C,,
04131,모빌링크,041310,코스닥,True,B,1_notation_diff,모빌링크텔레콤
04132,보홍,041320,코스닥,True,C,,
04145,인네트,041450,코스닥,True,C,,
04150,대한바이오,041500,코스닥,True,B,5_unresolved,디비엘
04155,쎄라텍,041550,코스닥,True,C,,
04163,인젠,041630,코스닥,True,C,,
04165,상신브레이크,041650,코스닥,False,C,,
04180,코디콤,041800,코스닥,True,C,,
04192,메디아나,041920,코넥스,False,C,,
04194,한텔,041940,코스닥,True,C,,
04210,현대오토넷,042100,유가증권,True,C,,
04230,KTB드림1,042300,코스닥,False,A,,
04231,KTB코스닥1,042310,코스닥,False,A,,
04234,대국,042340,코스닥,True,C,,
04246,실크성장1호,042460,코스닥,False,A,,
04247,심스밸리,042470,코스닥,True,A,,
04257,퓨쳐비젼,042570,코스닥,True,C,,
04267,HD현대인프라코어,042670,유가증권,True,B,1_notation_diff,에이치디현대인프라코어
04282,어울림 네트,042820,코스닥,True,B,1_notation_diff,어울림네트웍스
04287,에코페트로시스템,042870,코스닥,True,C,,
04295,미래코리아1,042950,코스닥,False,B,0_non_distress,미래에셋새천년코리아벤처펀드일호
04296,창민테크,042960,코스닥,True,C,,
04304,마이다스30,043040,코스닥,False,A,,
04329,케이맥,043290,코스닥,False,C,,
04335,리젠트코스닥30,043350,코스닥,False,A,,
04338,플래티넘 성장1,043380,코스닥,False,A,,
04340,실크성장2호,043400,코스닥,False,A,,
04358,에임하이,043580,코스닥,True,B,1_notation_diff,에임하이글로벌
04363,지앤알,043630,코스닥,True,C,,
04368,스톰이앤에프,043680,코스닥,True,C,,
04369,테크메이트,043690,코스닥,True,C,,
04370,바이킹성장일호,043700,코스닥,False,A,,
04379,옥션,043790,코스닥,True,C,,
04389,한빛방송,043890,코스닥,True,B,5_unresolved,티브로드한빛방송
04406,조광ILI,044060,코스닥,True,B,1_notation_diff,조광아이엘아이
04407,한서제약,044070,코스닥,False,C,,
04424,세이우량채권,044240,코스닥,False,A,,
04437,조이토토,044370,코스닥,True,C,,
04440,KTB전환32,044400,코스닥,False,A,,
04441,미래알바1,044410,코스닥,False,A,,
04444,솔빛미디어,044440,코스닥,True,C,,
04457,한빛전자통신,044570,코스닥,True,A,,
04464,동부CNI,044640,코스닥,False,B,0_non_distress,동부씨엔아이
04474,플래티넘성2,044740,코스닥,False,A,,
04475,다임채권형일,044750,코스닥,False,A,,
04477,에이엠에스,044770,코스닥,True,C,,
04482,코스맥스,044820,코스닥,False,B,0_non_distress,코스맥스비티아이
04489,미래한아름1,044890,코스닥,False,A,,
04499,에이치엔에스하이텍,044990,코넥스,False,C,,
04505,큐리어스,045050,코스닥,True,B,5_unresolved,글라소울
04507,파이오니어2,045070,코스닥,False,A,,
04508,그린에셋일호,045080,코스닥,False,A,,
04509,옵티멈성장1,045090,코스닥,False,A,,
04524,뉴씨앤씨,045240,코스닥,True,A,,
04526,디에이치패션,045260,코스닥,True,C,,
04528,마이다스페안,045280,코스닥,False,A,,
04529,포네이처,045290,코스닥,True,C,,
04531,이레전자산업,045310,코스닥,True,C,,
04538,더존디지털,045380,코스닥,False,B,0_non_distress,더존디지털웨어
04540,이롬텍,045400,코스닥,True,C,,
04547,에이프로테크놀로지,045470,코스닥,True,C,,
04555,유리프론티어,045550,코스닥,False,A,,
04571,온미디어,045710,유가증권,True,C,,
04576,한통데이타,045760,코스닥,True,B,5_unresolved,한국통신데이타
04579,세이채권혼합,045790,코스닥,False,A,,
04580,KTB더블채권1,045800,코스닥,False,A,,
04582,LG파워콤,045820,유가증권,True,C,,
04586,실크성장삼호,045860,코스닥,False,A,,
04587,크린3호,045870,코스닥,True,A,,
04588,유티엑스,045880,코스닥,True,C,,
04589,GV,045890,코스닥,True,B,5_unresolved,금빛
04592,화림모드,045920,코스닥,True,C,,
04600,모디아,046000,코스닥,True,C,,
04611,한일네트웍스,046110,코스닥,True,C,,
04614,SBS콘텐츠허브,046140,코스닥,False,B,0_non_distress,스튜디오에스
04624,에스브이에이치,046240,코스닥,True,C,,
04632,MTRON,046320,코스닥,True,B,5_unresolved,엠트론스토리지테크놀로지
04635,에듀아크,046350,코스닥,True,C,,
04640,디브이에스,046400,코스닥,True,B,5_unresolved,휴스토리
04643,알에스넷,046430,코스닥,True,C,,
04652,유리뉴앙상블,046520,코스닥,False,A,,
04672,엔하이테크,046720,코스닥,True,C,,
04681,코리언일랙트로닉스,046810,코스닥,True,B,1_notation_diff,코리언일랙트로닉스파워소스
04682,미래한아름2,046820,코스닥,False,A,,
04684,자유투어,046840,코스닥,True,C,,
04693,타임,046930,코스닥,False,A,,
04706,덴소풍성,047060,코스닥,True,B,5_unresolved,덴소코리아
04737,에프아이투어,047370,코스닥,True,C,,
04742,레이더스컴퍼니,047420,코스닥,True,C,,
04744,레이젠,047440,코스닥,True,B,5_unresolved,디케이씨
04745,이앤텍,047450,코스닥,True,C,,
04760,세계투어,047600,코스닥,True,C,,
04761,월드텔레콤,047610,코스닥,True,C,,
04771,액티투오,047710,코스닥,True,C,,
04773,넷웨이브,047730,코스닥,True,B,5_unresolved,텔라움
04789,미래주식1,047890,코스닥,False,A,,
04794,비엔디,047940,코스닥,True,C,,
04813,에스피코프,048130,코스닥,True,C,,
04814,태광이엔시,048140,코스닥,True,C,,
04815,모닷텔,048150,코스닥,True,C,,
04826,오스템임플란트,048260,코스닥,True,C,,
04827,포넷,048270,코스닥,True,C,,
04846,엑큐리스,048460,코스닥,False,C,,
04851,테스텍,048510,코스닥,True,C,,
04854,하이콤정보,048540,코스닥,True,B,1_notation_diff,하이콤정보통신
04864,엠엔에프씨,048640,코스닥,True,C,,
04866,마이다스차익,048660,코스닥,False,A,,
04876,브이케이,048760,코스닥,True,C,,
04900,예당,049000,코스닥,True,B,1_notation_diff,예당컴퍼니
04913,하우리,049130,코스닥,True,C,,
04937,CJ엔터테인,049370,코스닥,False,B,0_non_distress,씨제이엔터테인먼트
04969,포휴먼,049690,코스닥,True,C,,
04977,동원F&B,049770,유가증권,False,C,,
04979,소프트윈,049790,코스닥,True,A,,
04980,우진세렉스,049800,코스닥,False,B,0_non_distress,우진플라임
04985,크린4호,049850,코스닥,False,A,,
04999,세이플러스,049990,코스닥,False,A,,
05005,유아이에너지,050050,코스닥,True,C,,
05032,에스에이치엔엘,050320,코스닥,True,C,,
05035,다임알짜1호,050350,코스닥,False,A,,
05047,CT&T,050470,코스닥,True,B,1_notation_diff,씨티앤티
05054,엠피씨플러스,050540,코스닥,True,C,,
05060,세라온,050600,코스닥,True,B,1_notation_diff,세라온홀딩스
05064,이룸지엔지,050640,코스닥,True,C,,
05107,세이우량채2,051070,코스닥,False,A,,
05117,썬코어,051170,코스닥,True,C,,
05131,포스코플랜텍,051310,유가증권,True,B,5_unresolved,플랜텍
05153,굿이엠지,051530,코스닥,True,C,,
05171,디에스,051710,코스닥,True,C,,
05181,모보,051810,코스닥,True,C,,
05182,아이피에스,051820,코스닥,False,C,,
05196,다임알짜2호,051960,코스닥,False,A,,
05199,유리크레디트,051990,코스닥,False,A,,
05219,세영디앤씨,052190,코스닥,True,C,,
05221,엠씨티티코어,052210,코스닥,True,C,,
05227,우전,052270,코스닥,True,C,,
05229,트레이스,052290,코스닥,True,C,,
05231,H1바이오,052310,코스닥,True,B,5_unresolved,에이치원바이오
05235,코아에스앤아이,052350,코스닥,True,C,,
05251,에코솔루션,052510,코스닥,True,C,,
05252,세이에이스,052520,코스닥,False,A,,
05253,유리세이프,052530,코스닥,False,A,,
05254,미래셀렉티브,052540,코스닥,False,A,,
05256,삼성수산,052560,코스닥,True,C,,
05264,제네시스,052640,코스닥,True,B,1_notation_diff,제네시스엔알디
05265,이디디컴퍼니,052650,코스닥,True,C,,
05267,제일바이오,052670,코스닥,True,C,,
05281,아시아미디어홀딩스,052810,코스닥,True,C,,
05288,큐앤에스,052880,코스닥,True,B,5_unresolved,모아에스앤에스
05297,올리브나인,052970,코스닥,True,C,,
05300,우리금융지주,053000,유가증권,True,C,,
05304,블루젬디앤씨,053040,코스닥,True,C,,
05307,트리니티,053070,코스닥,True,C,,
05311,소리바다,053110,코스닥,True,C,,
05317,코스모스피엘씨,053170,코스닥,True,C,,
05320,디이시스,053200,코스닥,True,C,,
05325,엔에스아이,053250,코스닥,True,C,,
05332,테라리소스,053320,코스닥,True,B,5_unresolved,제네시스디벨롭먼트홀딩스
05333,영진코퍼레이션,053330,코스닥,True,C,,
05344,성우몰드,053440,코스닥,True,C,,
05347,오페스,053470,코스닥,True,C,,
05353,마이다스차2,053530,코스닥,False,A,,
05359,한국테크놀로지,053590,코스닥,True,C,,
05366,현진소재,053660,코스닥,True,C,,
05374,국제엘렉트릭,053740,코스닥,True,B,1_notation_diff,국제엘렉트릭코리아
05381,아이팩토리,053810,코스닥,True,C,,
05387,GT&T,053870,코스닥,True,B,1_notation_diff,지티앤티
05389,미디어코프,053890,코스닥,True,C,,
05396,어플라이드,053960,코스닥,True,A,,
05401,선팩테크,054010,코스닥,True,C,,
05402,GK파워,054020,코스닥,True,B,1_notation_diff,지케이파워
05408,우주통신,054080,코스닥,True,C,,
05412,더체인지,054120,코스닥,False,C,,
05415,뉴젠아이씨티,054150,코스닥,True,C,,
05417,엔빅스,054170,코스닥,True,C,,
05425,예일바이오텍,054250,코스닥,True,C,,
05434,피앤텔,054340,코스닥,True,C,,
05437,업필,054370,코스닥,True,C,,
05444,엠텍반도체,054440,코스닥,True,C,,
05453,신한SIT,054530,코스닥,True,C,,
05463,에이디칩스,054630,코스닥,True,C,,
05465,뉴젠비아이티,054650,코스닥,True,C,,
05479,제이엠피,054790,코스닥,True,C,,
05500,동서정보기술,055000,코스닥,True,C,,
05525,다휘,055250,코스닥,True,C,,
05581,KTC텔레콤,055810,코스닥,True,B,1_notation_diff,케이티씨텔레콤
05597,에너윈,055970,코스닥,True,C,,
05600,코원플레이,056000,코스닥,True,C,,
05601,아이스테이션,056010,코스닥,True,C,,
05602,쿨투,056020,코스닥,True,C,,
05606,세니콘,056060,코스닥,True,C,,
05614,리더컴,056140,코스닥,True,C,,
05620,엠넷미디어,056200,코스닥,False,C,,
05634,CU전자,056340,코스닥,True,B,1_notation_diff,씨유전자
05650,슈마일렉트론,056500,코스닥,True,C,,
05671,미리넷,056710,코스닥,True,C,,
05681,위다스,056810,코스닥,True,C,,
05685,코어비트,056850,코스닥,True,C,,
05710,하이스마텍,057100,코스닥,True,C,,
05711,아이티센,057110,코스닥,True,B,1_notation_diff,아이티센네트웍스
05733,플래닛82,057330,코스닥,True,B,5_unresolved,플래닛팔이
05750,SKC 솔믹스,057500,코스닥,False,B,0_non_distress,에스케이엔펄스
05788,푸른소나무,057880,코스닥,True,C,,
05822,아리온,058220,코스닥,True,B,1_notation_diff,아리온테크놀로지
05837,비엔씨컴퍼니,058370,코스닥,True,C,,
05842,제이웨이,058420,코스닥,True,C,,
05848,해원에스티,058480,코스닥,True,C,,
05853,파나케이아,058530,코스닥,True,B,5_unresolved,헬스커넥트
05855,네오리소스,058550,코스닥,True,C,,
05868,오브제,058680,코스닥,False,C,,
05869,퓨쳐인포넷,058690,코스닥,True,C,,
05890,투미비티,058900,코스닥,True,C,,
05891,유리롱숏채권,058910,코스닥,False,A,,
05897,엠로,058970,코넥스,False,C,,
05912,아진엑스텍,059120,코넥스,False,C,,
05972,야호,059720,코스닥,True,B,1_notation_diff,야호커뮤니케이션
06000,국민은행,060000,유가증권,False,C,,
06030,레드로버,060300,코스닥,True,C,,
06041,베스트플로우,060410,코스닥,True,C,,
06055,우수씨엔에스,060550,코스닥,True,C,,
06058,마이차익안정,060580,코스닥,False,A,,
06066,한도하이테크,060660,코스닥,True,C,,
06067,유퍼트,060670,코스닥,True,C,,
06075,제이콤,060750,코스닥,True,C,,
06084,태영텔스타,060840,코스닥,True,A,,
06091,프리젠,060910,코스닥,True,C,,
06105,지앤디윈텍,061050,코스닥,True,C,,
06114,엘앤피아너스,061140,코스닥,True,C,,
06146,한진피앤씨,061460,코스닥,False,C,,
06258,인산가,062580,코넥스,False,C,,
06273,케너텍,062730,코스닥,True,C,,
06286,티엘아이,062860,코스닥,True,C,,
06328,사이버패스,063280,코스닥,True,C,,
06335,팬택앤큐리텔,063350,유가증권,True,C,,
06351,코오롱인터내셔널,063510,유가증권,True,C,,
06368,미래프리미어,063680,코스닥,False,A,,
06376,이엘피,063760,코넥스,False,C,,
06384,닉스테크,063840,코넥스,False,C,,
06406,사이노젠,064060,코스닥,True,C,,
06442,케이피케미칼,064420,유가증권,True,C,,
06451,유네코,064510,코스닥,True,C,,
06472,모델라인,064720,코스닥,True,C,,
06485,에프앤가이드,064850,코넥스,False,C,,
06490,교보메리츠,064900,유가증권,False,B,0_non_distress,교보메리츠퍼스트기업구조조정부동산투자회사
06491,글로벌채권,064910,코스닥,False,A,,
06516,에프티이앤이,065160,코스닥,True,B,5_unresolved,라임
06518,해피드림,065180,코스닥,True,C,,
06527,플렉스컴,065270,코스닥,True,C,,
06531,JH코오스,065310,코스닥,True,B,5_unresolved,더스텔라
06534,쓰리디월드,065340,코스닥,True,C,,
06537,위세아이텍,065370,코넥스,False,C,,
06541,지엔텍홀딩스,065410,코스닥,True,C,,
06556,녹원씨엔아이,065560,코스닥,True,C,,
06561,폴리플러스,065610,코스닥,True,C,,
06562,제낙스,065620,코스닥,True,C,,
06581,UC아이콜스,065810,코스닥,True,B,1_notation_diff,유씨아이콜스
06591,PW제네틱스,065910,코스닥,True,B,1_notation_diff,피더블유제네틱스
06594,바이오빌,065940,코스닥,True,C,,
06603,미래프리미어2-MF,066030,코스닥,False,A,,
06606,휴먼텍코리아,066060,코스닥,True,C,,
06611,한프,066110,코스닥,True,C,,
06620,이노블루,066200,코스닥,True,C,,
06627,SK컴즈,066270,코스닥,True,B,5_unresolved,네이트커뮤니케이션즈
06630,샤인시스템,066300,코스닥,True,C,,
06633,시큐리티KOR,066330,코스닥,True,B,5_unresolved,세이프아시아
06634,케이에스알,066340,코스닥,True,B,5_unresolved,케이에스리소스
06635,티에스엠텍,066350,코스닥,True,B,5_unresolved,티엔아이
06648,휘튼,066480,코스닥,True,C,,
06669,보광티에스,066690,코스닥,True,C,,
06685,아이드림,066850,코스닥,True,C,,
06693,에스디,066930,코스닥,True,B,5_unresolved,한국애보트진단
06697,엘앤에프,066970,코스닥,False,C,,
06713,클루넷,067130,코스닥,True,C,,
06725,STX조선해양,067250,유가증권,True,B,5_unresolved,케이조선
06737,선바이오,067370,코넥스,False,C,,
06741,마이차익3호,067410,코스닥,False,A,,
06770,미래오리엔탈,067700,코스닥,False,A,,
06785,바이나믹,067850,코스닥,True,C,,
06791,코크렙1호부동산투자,067910,유가증권,True,B,1_notation_diff,코크렙제1호기업구조조정부동산투자회사
06795,티이씨,067950,코스닥,True,C,,
06806,KCW,068060,코스닥,True,B,5_unresolved,케이씨더블류
06815,케이엔씨글로벌,068150,코스닥,True,C,,
06827,셀트리온,068270,코스닥,False,C,,
06840,SK렌터카,068400,유가증권,False,B,0_non_distress,에스케이렌터카
06842,엔터기술,068420,코스닥,True,B,5_unresolved,엔터미디어
06863,에피밸리,068630,코스닥,True,C,,
06877,선우중공업,068770,코스닥,True,C,,
06887,LG생명과학,068870,유가증권,True,C,,
06911,코스온,069110,코스닥,True,B,5_unresolved,유한코스메틱
06947,제로원인터랙티브,069470,유가증권,True,C,,
07008,하이드로젠파워,070080,코스닥,True,B,5_unresolved,삼보오토
07048,에버테크노,070480,코스닥,True,B,5_unresolved,신비앤텍
07054,코크렙II,070540,유가증권,True,B,1_notation_diff,코크렙제2호기업구조조정부동산투자회사
07136,나노하이텍,071360,코스닥,True,C,,
07146,위니아,071460,코스닥,True,C,,
07153,유에이블,071530,코스닥,True,C,,
07166,SSCP,071660,코스닥,True,B,1_notation_diff,에스에스씨피
07193,에이스하이텍,071930,코스닥,True,C,,
07243,아이레보,072430,코스닥,True,C,,
07245,리얼티코리아제1호,072450,유가증권,False,B,0_non_distress,리얼티코리아제1호기업구조조정부동산투자
07252,제넨바이오,072520,코스닥,True,C,,
07253,나이스메탈,072530,코스닥,True,C,,
07307,에이팸,073070,코스닥,True,C,,
07313,인스프리트,073130,코스닥,True,C,,
07347,유레스메리츠제1호,073470,유가증권,True,C,,
07353,코크렙제3호CR리츠,073530,유가증권,True,C,,
07371,씨디네트웍스,073710,코스닥,True,C,,
07378,케이디세코,073780,코스닥,True,C,,
07393,제너시스템즈,073930,코스닥,True,C,,
07400,엠텍비젼,074000,코스닥,True,B,5_unresolved,에스지피엠
07413,디아이디,074130,코스닥,True,C,,
07414,엑스로드,074140,코스닥,True,C,,
07415,엠제이비,074150,코스닥,True,C,,
07609,테이크시스템,076090,코스닥,True,B,1_notation_diff,테이크시스템즈
07617,GBS,076170,유가증권,True,B,1_notation_diff,지비에스
07685,맥쿼리센트럴,076850,유가증권,True,B,1_notation_diff,맥쿼리센트럴오피스기업구조조정부동산투자회사
07728,한컴지엠디,077280,코스닥,False,C,,
07796,케이이엔지,077960,코스닥,True,C,,
07842,동북아1호,078420,유가증권,True,B,1_notation_diff,동북아1호선박투자회사
07852,에이블씨엔씨,078520,코스닥,False,C,,
07861,도움,078610,코스닥,True,C,,
07865,지나인제약,078650,코스닥,True,C,,
07867,아구스,078670,코스닥,True,C,,
07870,신지소프트,078700,코스닥,True,C,,
07878,아이디에스,078780,코스닥,True,C,,
07894,퀀타피아,078940,코스닥,True,C,,
07934,하이럭스,079340,코스닥,True,C,,
07944,오렌지라이프,079440,유가증권,False,B,0_non_distress,오렌지라이프생명보험
07956,모젬,079560,코스닥,True,B,5_unresolved,시노펙스멤브레인
07966,사조해표,079660,유가증권,True,C,,
07987,산양전기,079870,코스닥,True,C,,
08000,에스엔유,080000,코스닥,False,B,0_non_distress,에스엔유프리시젼
08003,동북아2호,080030,유가증권,True,B,1_notation_diff,동북아2호선박투자회사
08014,디보스,080140,코스닥,True,C,,
08018,아시아1호,080180,유가증권,True,B,1_notation_diff,아시아퍼시픽1호선박투자회사
08041,동북아6호,080410,유가증권,True,B,1_notation_diff,동북아6호선박투자회사
08044,에스제이케이,080440,코스닥,True,C,,
08057,IC코퍼레이션,080570,코스닥,True,B,5_unresolved,국제개발
08096,동북아3호,080960,유가증권,True,B,1_notation_diff,동북아3호선박투자회사
08097,동북아4호,080970,유가증권,True,B,1_notation_diff,동북아4호선박투자회사
08098,동북아5호,080980,유가증권,True,B,1_notation_diff,동북아5호선박투자회사
08109,씨모텍,081090,코스닥,True,C,,
08119,아시아2호,081190,유가증권,False,B,0_non_distress,아시아퍼시픽2호선박투자회사
08120,아시아3호,081200,유가증권,False,B,0_non_distress,아시아퍼시픽3호선박투자회사
08121,아시아4호,081210,유가증권,False,B,0_non_distress,아시아퍼시픽4호선박투자회사
08122,세미텍,081220,코스닥,False,C,,
08150,엑스씨이,081500,코스닥,True,C,,
08193,아시아8호,081930,유가증권,True,B,1_notation_diff,아시아퍼시픽8호선박투자회사
08194,아시아9호,081940,유가증권,False,B,0_non_distress,아시아퍼시픽9호선박투자회사
08197,넥스지,081970,코스닥,True,B,5_unresolved,케이엑스넥스지
08211,동북아8호,082110,유가증권,True,B,1_notation_diff,동북아8호선박투자회사
08222,프렉코,082220,코넥스,True,C,,
08224,아시아5호,082240,유가증권,True,B,1_notation_diff,아시아퍼시픽5호선박투자회사
08225,아시아6호,082250,유가증권,True,B,1_notation_diff,아시아퍼시픽6호선박투자회사
08226,아시아7호,082260,유가증권,True,B,1_notation_diff,아시아퍼시픽7호선박투자회사
08239,피엘에이,082390,코스닥,True,C,,
08293,실리콘화일,082930,코스닥,True,C,,
08312,동북아9호,083120,유가증권,True,B,1_notation_diff,동북아9호선박투자회사
08316,현대경매부동산일호,083160,유가증권,False,B,0_non_distress,현대경매부동산일호투자회사
08335,동북아10호선박투자,083350,유가증권,True,B,1_notation_diff,동북아10호선박투자회사
08336,동북아11호선박투자,083360,유가증권,True,B,1_notation_diff,동북아11호선박투자회사
08337,동북아12호선박투자,083370,유가증권,False,B,0_non_distress,동북아12호선박투자회사
08338,동북아13호선박투자,083380,유가증권,False,B,0_non_distress,동북아13호선박투자회사
08339,동북아14호선박투자,083390,유가증권,True,B,1_notation_diff,동북아14호선박투자회사
08357,아시아10호,083570,유가증권,True,B,1_notation_diff,아시아퍼시픽10호선박투자회사
08358,아시아퍼시픽11호,083580,유가증권,True,B,1_notation_diff,아시아퍼시픽11호선박투자회사
08359,아시아퍼시픽12호,083590,유가증권,True,B,1_notation_diff,아시아퍼시픽12호선박투자회사
08360,아시아퍼시픽13호,083600,유가증권,True,B,1_notation_diff,아시아퍼시픽13호선박투자회사
08361,아시아퍼시픽14호,083610,유가증권,True,B,1_notation_diff,아시아퍼시픽14호선박투자회사
08362,아시아퍼시픽15호,083620,유가증권,False,B,0_non_distress,아시아퍼시픽15호선박투자회사
08416,골든경매일호,084160,유가증권,True,B,5_unresolved,골든브릿지더블유엠경매부동산일호투자회사
08424,동북아15호,084240,유가증권,True,B,1_notation_diff,동북아15호선박투자회사
08444,유비온,084440,코넥스,False,C,,
08445,세실,084450,코스닥,True,C,,
08465,랩지노믹스,084650,코넥스,False,C,,
08481,아이알디,084810,코스닥,True,C,,
08537,루트로닉,085370,코스닥,False,C,,
08545,굿리치경매1,085450,유가증권,True,B,5_unresolved,굿앤리치부동산공경매투자회사1호
08568,모빌탑,085680,코스닥,True,C,,
08598,세화피앤씨,085980,코넥스,False,C,,
08599,단성일렉트론,085990,코스닥,True,B,5_unresolved,영찬테크
08608,다이노나,086080,코넥스,False,C,,
08620,제이앤유글로벌,086200,코스닥,True,C,,
08625,이노와이즈,086250,코스닥,True,B,5_unresolved,화신테크
08646,큐러블,086460,코넥스,True,C,,
08672,코크렙7호,086720,유가증권,False,B,0_non_distress,코크렙제7호위탁관리부동산투자회사
08683,신양오라컴,086830,코스닥,True,B,1_notation_diff,신양오라컴디스플레이
08722,스틸플라워,087220,코스닥,True,C,,
08773,이엠네트웍스,087730,코스닥,True,C,,
08801,동북아21호선박투자,088010,유가증권,False,B,0_non_distress,동북아21호선박투자회사
08802,네이쳐글로벌,088020,코스닥,True,C,,
08851,굿리치경매2,088510,유가증권,True,B,5_unresolved,굿앤리치부동산공경매투자회사2호
08870,마이스코,088700,코스닥,True,C,,
08881,맥스브로,088810,코스닥,True,C,,
08896,씨티엘테크,088960,코스닥,True,C,,
08917,동북아27호,089170,유가증권,True,B,1_notation_diff,동북아27호선박투자회사
08918,동북아28호,089180,유가증권,True,B,1_notation_diff,동북아28호선박투자회사
08919,동북아29호,089190,유가증권,True,B,1_notation_diff,동북아29호선박투자회사
08920,동북아30호,089200,유가증권,True,B,1_notation_diff,동북아30호선박투자회사
08924,네오세미테크,089240,코스닥,True,C,,
08948,평산,089480,코스닥,True,C,,
08953,에이티세미콘,089530,코스닥,True,C,,
09009,디앤샵,090090,코스닥,False,C,,
09012,잘만테크,090120,코스닥,True,C,,
09046,비에이치,090460,코스닥,False,C,,
09054,코크렙8호,090540,유가증권,True,B,1_notation_diff,코크렙제8호위탁관리부동산투자회사
09073,SIMPAC Metal,090730,코스닥,False,B,0_non_distress,심팩메탈
09074,연이비앤티,090740,코스닥,True,B,5_unresolved,와이앤넥스트
09097,코리아01호,090970,유가증권,True,B,1_notation_diff,코리아퍼시픽01호선박투자회사
09098,코리아02호,090980,유가증권,True,B,1_notation_diff,코리아퍼시픽02호선박투자회사
09099,코리아03호,090990,유가증권,True,B,1_notation_diff,코리아퍼시픽03호선박투자회사
09100,코리아04호,091000,유가증권,True,B,1_notation_diff,코리아퍼시픽04호선박투자회사
09109,세원이앤씨,091090,유가증권,True,C,,
09127,유디피,091270,코넥스,True,C,,
09169,디지텍시스템,091690,코스닥,True,B,1_notation_diff,디지텍시스템스
09199,셀트리온헬스케어,091990,코스닥,False,C,,
09263,바다로3호,092630,유가증권,True,B,1_notation_diff,바다로3호선박투자회사
09287,엑시콘,092870,코넥스,False,C,,
09297,거북선1호선박투자,092970,유가증권,True,B,1_notation_diff,거북선1호선박투자회사
09323,이아이디,093230,유가증권,True,C,,
09340,코리아05호,093400,유가증권,True,B,1_notation_diff,코리아퍼시픽05호선박투자회사
09341,코리아06호,093410,유가증권,True,B,1_notation_diff,코리아퍼시픽06호선박투자회사
09373,동북아31호,093730,유가증권,True,B,1_notation_diff,동북아31호선박투자회사
09382,한국유전15-1,093820,유가증권,True,B,5_unresolved,한국베트남15-1유전해외자원개발투자회사
09419,이엘케이,094190,코스닥,True,C,,
09436,칩스앤미디어,094360,코넥스,False,C,,
09452,맵스베트남1,094520,유가증권,True,B,5_unresolved,미래에셋맵스오퍼튜니티베트남주식혼합형투자회사1호
09470,미성포리테크,094700,코스닥,True,C,,
09495,지비베트남1,094950,유가증권,True,B,5_unresolved,GB블루오션베트남주식혼합형투자회사1호
09530,엔에스브이,095300,코스닥,True,C,,
09604,이트론,096040,코스닥,True,C,,
09630,베트남개발1,096300,유가증권,True,B,5_unresolved,한국월드와이드베트남부동산개발특별자산1호투자회사
09664,멜파스,096640,코스닥,True,C,,
09752,엠씨넥스,097520,코스닥,False,C,,
09815,한국아태특별,098150,유가증권,True,B,5_unresolved,한국월드와이드아시아태평양특별자산1호투자회사
09840,엔스퍼트,098400,코스닥,True,C,,
09921,코리아07호,099210,유가증권,True,B,1_notation_diff,코리아퍼시픽07호선박투자회사
09934,하나니켈1호,099340,유가증권,False,B,0_non_distress,하나유비에스암바토비니켈해외자원개발1호
09935,하나니켈2호,099350,유가증권,False,B,0_non_distress,하나유비에스암바토비니켈해외자원개발2호
09966,신텍,099660,코스닥,True,C,,
09983,씨그널엔터테인먼트그룹,099830,코스닥,True,C,,
10009,SK오션플랜트,100090,코스닥,False,C,,
10106,SBS미디어홀딩스,101060,유가증권,True,C,,
10136,이엔드디,101360,코넥스,False,B,0_non_distress,에코앤드림
10138,거북선2호,101380,유가증권,True,B,1_notation_diff,거북선2호선박투자회사
10139,아이엠,101390,코스닥,True,C,,
10179,케이알제2호,101790,유가증권,True,B,1_notation_diff,케이알제2호개발전문위탁관리부동산투자회사
10197,우양에이치씨,101970,코스닥,True,C,,
10199,파브코,101990,유가증권,True,C,,
10200,거북선3호,102000,유가증권,True,B,1_notation_diff,거북선3호선박투자회사
10221,에이치디,102210,코스닥,True,B,5_unresolved,트레스
10228,쌍방울,102280,유가증권,True,C,,
10313,웅진에너지,103130,유가증권,True,C,,
10315,하이트맥주,103150,유가증권,True,C,,
10316,풀무원,103160,유가증권,False,B,0_non_distress,풀무원식품
10365,에이치앤아이,103650,코넥스,True,C,,
10411,신성이엔지,104110,유가증권,True,C,,
10412,신성에프에이,104120,유가증권,True,C,,
10507,금강제강,105070,코스닥,True,C,,
10538,다산리츠,105380,유가증권,True,B,1_notation_diff,다산자기관리부동산투자회사
10652,노블엠앤비,106520,코스닥,True,C,,
10764,한중엔시에스,107640,코넥스,False,C,,
10807,삼성디지털이미징,108070,유가증권,True,C,,
10832,LX세미콘,108320,코스닥,False,C,,
10879,인터파크,108790,코스닥,False,C,,
10889,거북선4호,108890,유가증권,True,B,1_notation_diff,거북선4호선박투자회사
11031,모린스,110310,코스닥,True,C,,
11050,유니드코리아,110500,코스닥,True,C,,
11057,넥솔론,110570,유가증권,True,C,,
11066,세신버팔로,110660,코넥스,True,B,5_unresolved,툴코리아
11161,승화프리텍,111610,코스닥,True,B,5_unresolved,세왕
11182,지유온,111820,코스닥,True,C,,
11187,KH 미래물산,111870,코스닥,True,B,1_notation_diff,케이에이치미래물산
11224,에스에프씨,112240,코스닥,True,C,,
11412,크루셜텍,114120,코스닥,True,C,,
11413,거북선5호,114130,유가증권,True,B,1_notation_diff,거북선5호선박투자회사
11414,거북선6호,114140,유가증권,True,B,1_notation_diff,거북선6호선박투자회사
11441,현대푸드,114410,유가증권,True,B,1_notation_diff,현대푸드시스템
11457,지스마트글로벌,114570,코스닥,True,C,,
11539,락앤락,115390,유가증권,False,C,,
11596,연우,115960,코스닥,False,C,,
11793,한진해운,117930,유가증권,True,C,,
11925,에프지엔개발리츠,119250,유가증권,True,B,1_notation_diff,에프지엔개발전문자기관리부동산투자회사
11986,커넥트웨이브,119860,코스닥,False,C,,
12078,전우정밀,120780,코넥스,True,C,,
12155,코크렙15호,121550,유가증권,True,B,1_notation_diff,코크렙제15호기업구조조정부동산투자회사
12191,대우증권스팩,121910,유가증권,True,B,1_notation_diff,대우증권그린코리아기업인수목적회사
12195,미래에셋스팩1호,121950,코스닥,True,B,1_notation_diff,미래에셋제1호기업인수목적
12205,아이엘사이언스,122050,코넥스,False,C,,
12229,동양밸류스팩,122290,유가증권,True,B,1_notation_diff,동양밸류오션기업인수목적
12264,예스티,122640,코넥스,False,C,,
12275,우리스팩1호,122750,유가증권,True,B,1_notation_diff,우리기업인수목적1호
12280,썬텍,122800,코스닥,True,B,5_unresolved,썬테크놀로지스
12301,옵토팩,123010,코넥스,False,B,0_non_distress,알엔티엑스
12310,원익테라세미콘,123100,코스닥,False,C,,
12316,히든챔피언스팩1호,123160,코스닥,True,B,1_notation_diff,히든챔피언제1호기업인수목적
12326,파인넥스,123260,코스닥,True,C,,
12329,한국스팩1호,123290,코스닥,True,B,1_notation_diff,한국투자신성장1호기업인수목적회사
12330,부국퓨쳐스타즈스팩,123300,코스닥,True,B,1_notation_diff,부국퓨쳐스타즈기업인수목적
12355,대신증권그로쓰스팩,123550,코스닥,True,B,1_notation_diff,대신증권그로쓰알파기업인수목적
12391,에스비아이앤솔로몬스팩,123910,코스닥,True,B,1_notation_diff,에스비아이앤솔로몬드림기업인수목적
12405,한화SV스팩1호,124050,코스닥,True,B,1_notation_diff,한화에스브이명장제1호기업인수목적
12450,아이티센,124500,코넥스,False,B,0_non_distress,아이티센글로벌
12634,비나텍,126340,코넥스,False,C,,
12668,IBKS스팩1호,126680,코스닥,True,B,1_notation_diff,아이비케이에스스마트에스엠이기업인수목적1호
12687,뉴로스,126870,코스닥,True,B,5_unresolved,앤에스
12716,매직마이크로,127160,코스닥,True,C,,
12891,동부티에스블랙펄스팩,128910,코스닥,True,B,1_notation_diff,동부티에스블랙펄기업인수목적
13096,CJ E&M,130960,코스닥,False,B,0_non_distress,씨제이이앤엠
13139,원익피앤이,131390,코스닥,False,C,,
13400,거북선7호,134000,유가증권,True,B,1_notation_diff,거북선7호선박투자회사
13478,화진,134780,코스닥,True,B,5_unresolved,에스엠화진
13516,무송지오씨,135160,코넥스,True,C,,
13527,세종머티리얼즈,135270,코넥스,True,C,,
13651,스마트솔루션즈,136510,코스닥,True,C,,
13825,엔에스쇼핑,138250,유가증권,False,C,,
13829,지성이씨에스,138290,코넥스,True,C,,
13844,이코리아리츠,138440,유가증권,True,B,1_notation_diff,이코리아자기관리부동산투자회사
13849,코오롱ENP,138490,유가증권,True,B,1_notation_diff,코오롱이앤피
13858,비즈니스온,138580,코스닥,False,B,0_non_distress,비즈니스온커뮤니케이션
13869,엘아이에스,138690,코스닥,True,C,,
13905,BF랩스,139050,코스닥,True,B,1_notation_diff,비에프랩스
13917,퓨얼셀,139170,코넥스,False,B,0_non_distress,퓨얼셀파워
13920,하이골드2호,139200,유가증권,True,B,1_notation_diff,하이골드오션2호선박투자회사
14029,청광건설,140290,코넥스,True,C,,
14089,트러스제7호,140890,유가증권,True,B,1_notation_diff,트러스와이제7호위탁관리부동산투자회사
14091,에이리츠,140910,유가증권,True,B,1_notation_diff,에이자기관리부동산투자회사
14102,디에스앤엘,141020,코스닥,True,C,,
14107,맥스로텍,141070,코스닥,True,C,,
14276,바이오리더스,142760,코넥스,False,B,0_non_distress,모아라이프플러스
14462,코오롱머티리얼,144620,유가증권,False,C,,
14463,씨아이에스,144630,코넥스,False,C,,
14474,피엠디아카데미,144740,코넥스,True,C,,
14814,비디아이,148140,코스닥,True,C,,
14825,알엔투테크놀로지,148250,코넥스,False,C,,
14878,비플라이소프트,148780,코넥스,False,B,0_non_distress,비큐AI
14913,케이비부국위탁리츠,149130,유가증권,True,B,1_notation_diff,케이비부국제1호개발전문위탁관리부동산투자회사
14930,아퓨어스,149300,코넥스,True,C,,
14994,모다,149940,코스닥,True,C,,
14998,하이로닉,149980,코넥스,False,C,,
15044,피노텍,150440,코넥스,True,C,,
15084,인트로메딕,150840,코스닥,True,C,,
15175,테라텍,151750,코넥스,True,C,,
15191,퓨처코어,151910,코스닥,True,C,,
15233,코리아오토글라스,152330,유가증권,True,C,,
15255,한국ANKOR유전,152550,유가증권,True,B,5_unresolved,한국투자ANKOR유전해외자원개발특별자산투자회사1호(지분증권)
15336,하이골드3호,153360,유가증권,True,B,1_notation_diff,하이골드오션3호선박투자회사
15403,아시아종묘,154030,코넥스,False,C,,
15590,바다로19호,155900,유가증권,True,B,1_notation_diff,바다로19호선박투자회사
15596,지디,155960,코스닥,True,C,,
15610,엘앤케이바이오,156100,코넥스,False,C,,
15617,비앤에스미디어,156170,코넥스,True,C,,
15830,에스에이티이엔지,158300,코넥스,False,B,0_non_distress,에스에이티
15831,참존글로벌,158310,코스닥,True,C,,
15838,삼목강업,158380,코스닥,False,C,,
15965,하이골드8호,159650,유가증권,True,B,1_notation_diff,하이골드오션8호국제선박투자회사
16035,웹솔루스,160350,코넥스,True,C,,
16060,이큐셀,160600,코스닥,True,C,,
16157,THE MIDONG,161570,코스닥,True,B,5_unresolved,더미동
16343,디피코,163430,코넥스,True,C,,
16406,이루다,164060,코스닥,False,C,,
16527,금오하이텍,165270,코넥스,True,C,,
16738,나무기술,167380,코넥스,False,C,,
16849,한국패러랠,168490,유가증권,True,B,5_unresolved,한국투자패러랠유전해외자원개발특별자산투자회사1호(지분증권)
17258,하이골드12호,172580,유가증권,True,B,1_notation_diff,하이골드오션12호국제선박투자회사
17313,오파스넷,173130,코넥스,False,C,,
17488,장원테크,174880,코스닥,True,C,,
17644,에이치엔티,176440,코스닥,True,B,5_unresolved,미래오토스
17656,포인트엔지니어링,176560,코넥스,False,C,,
17675,듀켐바이오,176750,코넥스,False,C,,
17735,베셀,177350,코넥스,False,C,,
17892,PI첨단소재,178920,코스닥,False,C,,
17928,스탠다드펌,179280,코넥스,True,C,,
17944,피엠에스,179440,코넥스,True,B,5_unresolved,비지스틸
17953,애드바이오텍,179530,코넥스,False,C,,
18040,엠지메드,180400,코넥스,False,B,0_non_distress,DXVX
18134,이즈미디어,181340,코스닥,True,C,,
18198,힘스인터내셔널,181980,코넥스,True,B,5_unresolved,자원메디칼
18269,테라셈,182690,코스닥,True,C,,
18335,LPK로보틱스,183350,코넥스,True,B,1_notation_diff,엘피케이로보틱스
18341,골프존데카,183410,코넥스,False,B,0_non_distress,골프존클라우드
18349,엔지켐생명과학,183490,코넥스,False,C,,
18528,이푸른,185280,코넥스,True,C,,
18549,아이진,185490,코넥스,False,C,,
18623,그린플러스,186230,코넥스,False,C,,
18777,판타지오,187770,코넥스,False,C,,
18933,씨이랩,189330,코넥스,False,C,,
18954,씨티네트웍스,189540,코넥스,True,C,,
18970,디피앤케이,189700,코넥스,True,C,,
19208,더블유게임즈,192080,코스닥,False,C,,
19224,나이코,192240,코넥스,True,C,,
19252,경남은행,192520,유가증권,False,C,,
19253,광주은행,192530,유가증권,False,C,,
19451,파티게임즈,194510,코스닥,True,B,5_unresolved,넥스쳐
19461,우성아이비,194610,코스닥,True,C,,
19486,SY이노베이션,194860,코넥스,True,B,1_notation_diff,에스와이이노베이션
19544,퓨전,195440,코스닥,True,C,,
19714,디지캡,197140,코넥스,False,C,,
19721,리드,197210,코스닥,True,C,,
19894,한주금속,198940,코넥스,True,B,5_unresolved,한주라이트메탈
19980,툴젠,199800,코넥스,False,C,,
19987,세기리텍,199870,코넥스,True,B,5_unresolved,배터리솔루션즈
20035,래몽래인,200350,코넥스,False,B,0_non_distress,아티스트스튜디오
20340,에이비온,203400,코넥스,False,C,,
20345,유니온커뮤니티,203450,코넥스,False,B,0_non_distress,유니온바이오메트릭스
20369,아크솔루션스,203690,코스닥,True,C,,
20421,JK리버스톤리츠,204210,유가증권,True,B,1_notation_diff,제이케이리버스톤자기관리부동산투자회사
20444,대우스팩2호,204440,코스닥,True,B,1_notation_diff,대우기업인수목적2호
20463,스튜디오산타클로스,204630,코스닥,True,B,5_unresolved,로아앤코홀딩스
20465,케이티비스팩1호,204650,코스닥,True,B,1_notation_diff,케이티비기업인수목적1호
20469,다린,204690,코넥스,True,C,,
20476,현대에이블스팩1호,204760,코스닥,True,B,1_notation_diff,현대에이블기업인수목적1호
20499,코썬바이오,204990,코스닥,True,C,,
20529,케미메디,205290,코넥스,True,C,,
20666,골든브릿지제2호스팩,206660,코스닥,True,B,1_notation_diff,골든브릿지제2호기업인수목적
20723,디와이엘엔제이,207230,코넥스,True,C,,
20772,엔에이치SL스팩,207720,코스닥,True,B,1_notation_diff,엔에이치에스엘기업인수목적
20793,SK1호스팩,207930,코스닥,True,B,1_notation_diff,에스케이제1호기업인수목적
20834,파멥신,208340,코스닥,True,C,,
20887,하나머스트3호스팩,208870,코스닥,True,B,1_notation_diff,하나머스트3호기업인수목적
21012,빅텐츠,210120,코넥스,False,B,0_non_distress,캔버스엔
21061,소프트캠프,210610,코넥스,False,C,,
21105,인카금융서비스,211050,코넥스,False,C,,
21309,미래테크놀로지,213090,코스닥,False,C,,
21431,에스엘에너지,214310,코스닥,True,B,5_unresolved,로아앤코
21461,미코바이오메드,214610,코넥스,False,B,0_non_distress,롤링스톤
21487,한울BnC,214870,코스닥,True,B,5_unresolved,한울비앤씨
21505,비엔디생활건강,215050,코넥스,True,C,,
21558,대우스팩3호,215580,코스닥,True,B,1_notation_diff,대우기업인수목적3호
21575,미래에셋제3호스팩,215750,코스닥,True,B,1_notation_diff,미래에셋제3호기업인수목적
21628,원텍,216280,코넥스,False,C,,
21760,켐온,217600,코스닥,False,C,,
21762,선샤인푸드,217620,코스닥,True,C,,
21781,엔에이치스팩7호,217810,코스닥,True,B,1_notation_diff,엔에이치기업인수목적7호
21871,키움스팩3호,218710,코스닥,True,B,1_notation_diff,키움제3호기업인수목적
21942,링크제니시스,219420,코넥스,False,C,,
21958,골든브릿지제3호스팩,219580,코스닥,True,B,1_notation_diff,골든브릿지제3호기업인수목적
21975,지티지웰니스,219750,코넥스,False,B,0_non_distress,한국비티비
21986,한화에이스스팩2호,219860,코스닥,True,B,1_notation_diff,한화에이스기업인수목적2호
21996,유안타제2호스팩,219960,코스닥,True,B,1_notation_diff,유안타제2호기업인수목적
22010,퓨쳐켐,220100,코넥스,False,C,,
22011,드림티엔터테인먼트,220110,코넥스,True,C,,
22018,핸디소프트,220180,코넥스,False,C,,
22025,카이노스메드,220250,코넥스,False,C,,
22063,맘스터치,220630,코스닥,True,B,1_notation_diff,맘스터치앤컴퍼니
22120,유진스팩3호,221200,코스닥,True,B,1_notation_diff,유진기업인수목적3호
22161,자안바이오,221610,코스닥,True,C,,
22167,주노콜렉션,221670,코넥스,True,C,,
22180,유투바이오,221800,코넥스,False,B,0_non_distress,지구홀딩스
22195,케이비드림3호스팩,221950,코스닥,True,B,1_notation_diff,케이비드림투게더제3호기업인수목적
22216,NPX,222160,코스닥,True,C,,
22239,케이비제8호스팩,222390,코스닥,True,B,1_notation_diff,케이비제8호기업인수목적
22252,솔트웍스,222520,코넥스,False,C,,
22281,세토피아,222810,코스닥,True,C,,
22304,교보5호스팩,223040,코스닥,True,B,1_notation_diff,교보5호기업인수목적
22402,에스케이씨에스,224020,코넥스,False,C,,
22409,정다운,224090,코넥스,False,C,,
22488,SGA클라우드서비스,224880,코넥스,True,B,1_notation_diff,에스지에이클라우드서비스
22522,제놀루션,225220,코넥스,False,C,,
22533,씨엠에스에듀,225330,코스닥,False,C,,
22544,이베스트스팩3호,225440,코스닥,True,B,1_notation_diff,이베스트기업인수목적3호
22565,쿠첸,225650,코스닥,False,C,,
22585,미애부,225850,코넥스,True,C,,
22586,엠앤씨생명과학,225860,코넥스,True,C,,
22635,아이엠텍,226350,코스닥,True,C,,
22636,KH 건설,226360,코스닥,True,B,1_notation_diff,케이에이치건설
22640,오스테오닉,226400,코넥스,False,C,,
22644,한송네오텍,226440,코스닥,True,B,5_unresolved,시스네오텍
22661,한국비엔씨,226610,코넥스,False,C,,
22685,키움스팩4호,226850,코스닥,True,B,1_notation_diff,키움제4호기업인수목적
22710,프로브잇,227100,코스닥,True,C,,
22818,티씨엠생명과학,228180,코넥스,True,B,5_unresolved,비엘사이언스
22876,지노믹트리,228760,코넥스,False,C,,
22900,젠큐릭스,229000,코넥스,False,C,,
22948,줌인터넷,229480,코넥스,False,C,,
23036,에코마케팅,230360,코스닥,False,C,,
23040,자비스,230400,코넥스,False,C,,
23049,동부제4호스팩,230490,코스닥,True,B,1_notation_diff,동부제4호기업인수목적
23098,비유테크놀러지,230980,코스닥,True,C,,
23227,케이비제9호스팩,232270,코스닥,True,B,1_notation_diff,케이비제9호기업인수목적
23229,SGA시스템즈,232290,코넥스,False,B,0_non_distress,에스지에이시스템즈
23233,SK3호스팩,232330,코스닥,True,B,1_notation_diff,에스케이제3호기업인수목적
23236,아스팩오일,232360,코넥스,True,C,,
23268,라온테크,232680,코넥스,False,B,0_non_distress,라온로보틱스
23283,시큐센,232830,코넥스,False,B,0_non_distress,아이티센피엔에스
23319,미래자원엠엘,233190,코넥스,False,C,,
23410,세원,234100,코넥스,False,B,0_non_distress,폴라리스세원
23501,하이에이아이1호스팩,235010,코스닥,True,B,1_notation_diff,하이에이아이1호기업인수목적
23509,태경피엔에스,235090,코넥스,True,C,,
23772,케이엠제약,237720,코넥스,False,C,,
23817,엔에스엠,238170,코넥스,False,C,,
23989,피엔에이치테크,239890,코넥스,False,C,,
24034,인터코스,240340,코넥스,True,C,,
24054,한국4호스팩,240540,코스닥,True,B,1_notation_diff,한국제4호기업인수목적
24151,이에스산업,241510,코넥스,True,C,,
24235,피엔아이컴퍼니,242350,코넥스,True,C,,
24242,본느,242420,코넥스,False,C,,
24285,영현무역,242850,코넥스,True,C,,
24503,스페이스솔루션,245030,코넥스,True,C,,
24625,에스엘에스바이오,246250,코넥스,False,C,,
24683,시냅스엠,246830,코넥스,True,C,,
24730,인프라웨어테크놀러지,247300,코넥스,False,C,,
24802,젬,248020,코넥스,True,C,,
25030,제이에스피브이,250300,코넥스,True,C,,
25154,에스와이제이,251540,코넥스,True,C,,
25196,엠에프엠코리아,251960,코넥스,False,C,,
25237,유쎌,252370,코넥스,True,C,,
25294,에스엠로보틱스,252940,코넥스,True,C,,
25384,수젠텍,253840,코넥스,False,C,,
25609,패션플랫폼,256090,코넥스,False,C,,
25694,케이피에스,256940,코넥스,False,B,0_non_distress,킵스파마
25773,신한제3호스팩,257730,코스닥,True,B,1_notation_diff,신한제3호기업인수목적
25799,나우코스,257990,코넥스,False,C,,
25825,셀젠텍,258250,코넥스,True,C,,
25854,에스엘테라퓨틱스,258540,코넥스,True,C,,
26049,캐로스,260490,코넥스,True,C,,
26097,에스앤디,260970,코넥스,False,C,,
26276,엔케이맥스,262760,코넥스,False,C,,
26283,대신밸런스제4호스팩,262830,코스닥,True,B,1_notation_diff,대신밸런스제4호기업인수목적
26354,어스앤에어로스페이스,263540,코스닥,True,C,,
26429,한화에이스스팩3호,264290,코스닥,True,B,1_notation_diff,한화에이스기업인수목적3호
26548,미래에셋대우스팩1호,265480,코스닥,True,B,1_notation_diff,미래에셋대우기업인수목적1호
26592,한화수성스팩,265920,코스닥,True,B,1_notation_diff,한화수성기업인수목적
26687,파워풀엑스,266870,코넥스,True,C,,
26706,명진홀딩스,267060,코넥스,True,C,,
26781,앙츠,267810,코넥스,True,C,,
26860,셀리버리,268600,코스닥,True,C,,
27002,이십일스토어,270020,코넥스,True,C,,
27066,에브리봇,270660,코넥스,False,C,,
27140,알로이스,271400,코넥스,False,C,,
27174,한국제5호스팩,271740,코스닥,True,B,1_notation_diff,한국제5호기업인수목적
27178,비엔에프코퍼레이션,271780,코넥스,True,B,5_unresolved,비엔에프머티리얼즈
27185,다이오진,271850,코넥스,True,C,,
27242,극동자동화,272420,코넥스,True,C,,
27692,IBKS제7호스팩,276920,코스닥,True,B,1_notation_diff,아이비케이에스제7호기업인수목적
27748,신한제4호스팩,277480,코스닥,True,B,1_notation_diff,신한제4호기업인수목적
27788,티에스아이,277880,코넥스,False,C,,
27838,원바이오젠,278380,코넥스,False,C,,
27941,한화에이스스팩4호,279410,코스닥,True,B,1_notation_diff,한화에이스기업인수목적4호
27960,미디어젠,279600,코넥스,False,C,,
28131,바이오시네틱스,281310,코넥스,True,C,,
28141,한국제6호스팩,281410,코스닥,True,B,1_notation_diff,한국제6호기업인수목적
28269,동아타이어,282690,유가증권,True,B,1_notation_diff,동아타이어공업
28310,노보믹스,283100,코넥스,True,C,,
28442,휴럼,284420,코넥스,False,C,,
28461,TS트릴리온,284610,코넥스,False,B,0_non_distress,티에스트릴리온
28577,라이프사이언스테크놀로지,285770,코넥스,True,C,,
28600,씨엔티드림,286000,코넥스,True,C,,
28741,제이시스메디칼,287410,코스닥,False,C,,
28849,나라소프트,288490,코넥스,True,C,,
28986,지슨,289860,코넥스,False,C,,
29038,대유,290380,코스닥,True,C,,
29051,코리아센터,290510,코스닥,False,C,,
29121,한국제7호스팩,291210,코스닥,True,B,1_notation_diff,한국제7호기업인수목적
29887,우리벤처파트너스,298870,코스닥,False,C,,
29967,에스엠비나,299670,코넥스,True,C,,
29991,애닉,299910,코스닥,True,C,,
30255,리메드,302550,코넥스,False,C,,
30336,프로테옴텍,303360,코넥스,False,B,0_non_distress,프로티아
30707,SK4호스팩,307070,코스닥,True,B,1_notation_diff,에스케이에이씨피씨제4호기업인수목적
30716,하나머스트제6호스팩,307160,코스닥,True,B,1_notation_diff,하나머스트제6호기업인수목적
30870,테크엔,308700,코넥스,True,C,,
30990,티티씨디펜스,309900,코넥스,True,C,,
31084,엔에이치스팩13호,310840,코스닥,True,B,1_notation_diff,엔에이치기업인수목적13호
31127,키움제5호스팩,311270,코스닥,True,B,1_notation_diff,키움제5호기업인수목적
31184,대원모방,311840,코넥스,True,C,,
31375,유안타제4호스팩,313750,코스닥,True,B,1_notation_diff,유안타제4호기업인수목적
31413,지놈앤컴퍼니,314130,코넥스,False,C,,
31703,케이비17호스팩,317030,코스닥,True,B,1_notation_diff,케이비제17호기업인수목적
31732,한화에스비아이스팩,317320,코스닥,True,B,1_notation_diff,한화에스비아이기업인수목적
32219,베른,322190,코넥스,True,C,,
32321,이베스트이안스팩1호,323210,코스닥,True,B,1_notation_diff,이베스트이안기업인수목적1호
32323,엠에프엠코리아,323230,코스닥,True,C,,
32335,다원넥스뷰,323350,코넥스,False,C,,
32394,케이비제18호스팩,323940,코스닥,True,B,1_notation_diff,케이비제18호기업인수목적
32797,케어룸의료산업,327970,코넥스,True,C,,
32902,오션스톤,329020,코넥스,True,C,,
32905,구스앤홈,329050,코넥스,True,C,,
32956,상상인이안제2호스팩,329560,코스닥,True,B,1_notation_diff,상상인이안제2호기업인수목적
33099,케이비제19호스팩,330990,코스닥,True,B,1_notation_diff,케이비제19호기업인수목적
33271,하나금융14호스팩,332710,코스닥,True,B,1_notation_diff,하나금융14호기업인수목적
33589,비올,335890,코스닥,True,B,1_notation_diff,비올메디컬
33745,SK5호스팩,337450,코스닥,False,B,0_non_distress,에스케이제5호기업인수목적
34012,하이제5호스팩,340120,코스닥,True,B,1_notation_diff,하이제5호기업인수목적
34035,SK6호스팩,340350,코스닥,True,B,1_notation_diff,에스케이제6호기업인수목적
34116,하나금융15호스팩,341160,코스닥,False,B,0_non_distress,하나금융15호기업인수목적
34131,이앤에치,341310,코넥스,True,C,,
34255,케이비제20호스팩,342550,코스닥,False,B,0_non_distress,케이비제20호기업인수목적
34309,HLB사이언스,343090,코넥스,False,B,0_non_distress,에이치엘비사이언스
34351,하나금융16호스팩,343510,코스닥,True,B,1_notation_diff,하나금융16호기업인수목적
34405,신영스팩6호,344050,코스닥,False,B,0_non_distress,신영해피투모로우제6호기업인수목적
34486,이노진,344860,코넥스,False,C,,
34714,케이프이에스제4호,347140,코스닥,True,B,1_notation_diff,케이프이에스제4호기업인수목적
34884,데이드림엔터,348840,코넥스,True,B,1_notation_diff,데이드림엔터테인먼트
34972,이베스트스팩5호,349720,코스닥,True,B,1_notation_diff,이베스트기업인수목적5호
35134,IBKS제13호스팩,351340,코스닥,True,B,1_notation_diff,아이비케이에스제13호기업인수목적
35306,에이치엠씨제5호스팩,353060,코스닥,True,B,1_notation_diff,에이치엠씨아이비제5호기업인수목적
35307,에이치엠씨제4호스팩,353070,코스닥,True,B,1_notation_diff,에이치엠씨아이비제4호기업인수목적
35349,미래에셋대우스팩 5호,353490,코스닥,True,B,1_notation_diff,미래에셋대우기업인수목적5호
35423,폭스소프트,354230,코넥스,True,C,,
36633,신한제7호스팩,366330,코스닥,False,B,0_non_distress,신한제7호기업인수목적
36734,DB금융스팩8호,367340,코스닥,True,B,1_notation_diff,디비금융제8호기업인수목적
36736,DB금융스팩9호,367360,코스닥,False,B,0_non_distress,디비금융제9호기업인수목적
36746,유안타제7호스팩,367460,코스닥,False,B,0_non_distress,유안타제7호기업인수목적
36748,유안타제8호스팩,367480,코스닥,False,B,0_non_distress,유안타제8호기업인수목적
36803,창대정밀,368030,코넥스,True,C,,
37229,하나머스트7호스팩,372290,코스닥,False,B,0_non_distress,하나머스트7호기업인수목적
37334,유진스팩6호,373340,코스닥,True,B,1_notation_diff,유진기업인수목적6호
37619,LB루셈,376190,코스닥,False,B,0_non_distress,엘비루셈
37740,하이제6호스팩,377400,코스닥,False,B,0_non_distress,하이제6호기업인수목적
37763,삼성스팩4호,377630,코스닥,True,B,1_notation_diff,삼성기업인수목적4호
38032,삼성머스트스팩5호,380320,코스닥,True,B,1_notation_diff,삼성머스트기업인수목적5호
38044,엔에이치스팩19호,380440,유가증권,True,B,1_notation_diff,엔에이치기업인수목적19호
38658,한화플러스제2호스팩,386580,코스닥,True,B,1_notation_diff,한화플러스제2호기업인수목적
38731,대신밸런스제10호스팩,387310,코스닥,False,B,0_non_distress,대신밸런스제10호기업인수목적
38822,하나금융19호스팩,388220,코스닥,False,B,0_non_distress,하나금융19호기업인수목적
38861,지에프씨생명과학,388610,코넥스,False,C,,
38880,유진스팩7호,388800,코스닥,True,B,1_notation_diff,유진기업인수목적7호
39106,엔에이치스팩20호,391060,코스닥,True,B,1_notation_diff,엔에이치기업인수목적20호
39321,토마토시스템,393210,코넥스,False,C,,
39336,신한제8호스팩,393360,코스닥,True,B,1_notation_diff,신한제8호기업인수목적
39677,엔에이치스팩22호,396770,코스닥,False,B,0_non_distress,엔에이치기업인수목적22호
39750,대신밸런스제11호스팩,397500,코스닥,False,B,0_non_distress,대신밸런스제11호기업인수목적
39788,교보11호스팩,397880,코스닥,False,B,0_non_distress,교보11호기업인수목적
40056,하나금융20호스팩,400560,코스닥,False,B,0_non_distress,하나금융20호기업인수목적
40084,하이제7호스팩,400840,코스닥,True,B,1_notation_diff,하이제7호기업인수목적
40495,디비금융스팩10호,404950,코스닥,False,B,0_non_distress,디비금융제10호기업인수목적
40535,IBKS제17호스팩,405350,코스닥,False,B,0_non_distress,아이비케이에스제17호기업인수목적
40564,신한제9호스팩,405640,코스닥,False,B,0_non_distress,신한제9호기업인수목적
40676,하나금융21호스팩,406760,코스닥,False,B,0_non_distress,하나금융21호기업인수목적
40957,한국제10호스팩,409570,코스닥,False,B,0_non_distress,한국제10호기업인수목적
41293,미래에셋비전스팩1호,412930,코스닥,False,B,0_non_distress,미래에셋비전기업인수목적1호
41360,키움제6호스팩,413600,코스닥,False,B,0_non_distress,키움제6호기업인수목적
41558,상상인제3호스팩,415580,코스닥,True,B,1_notation_diff,상상인제3호기업인수목적
41817,하나금융22호스팩,418170,코스닥,False,B,0_non_distress,하나금융22호기업인수목적
41821,신한제10호스팩,418210,코스닥,True,B,1_notation_diff,신한제10호기업인수목적
41927,신영스팩7호,419270,코스닥,False,B,0_non_distress,신영해피투모로우제7호기업인수목적
41970,이브이파킹서비스,419700,코넥스,True,C,,
42180,교보12호스팩,421800,코스닥,False,B,0_non_distress,교보12호기업인수목적
42204,엔에이치스팩23호,422040,코스닥,True,B,1_notation_diff,엔에이치기업인수목적23호
42414,케이비제21호스팩,424140,코스닥,True,B,1_notation_diff,케이비제21호기업인수목적
42529,삼성스팩6호,425290,코스닥,True,B,1_notation_diff,삼성기업인수목적6호
42655,IBKS제19호스팩,426550,코스닥,False,B,0_non_distress,아이비케이에스제19호기업인수목적
42667,대신밸런스제12호스팩,426670,코스닥,False,B,0_non_distress,대신밸런스제12호기업인수목적
42795,하나금융23호스팩,427950,코스닥,False,B,0_non_distress,하나금융23호기업인수목적
43022,신영스팩8호,430220,코스닥,False,B,0_non_distress,신영해피투모로우제8호기업인수목적
43023,하나금융24호스팩,430230,코스닥,False,B,0_non_distress,하나금융24호기업인수목적
43046,한화플러스제3호스팩,430460,코스닥,False,B,0_non_distress,한화플러스제3호기업인수목적
43070,유안타제9호스팩,430700,코스닥,True,B,1_notation_diff,유안타제9호기업인수목적
43353,키움제7호스팩,433530,코스닥,False,B,0_non_distress,키움제7호기업인수목적
43538,유안타제10호스팩,435380,코스닥,True,B,1_notation_diff,유안타제10호기업인수목적
43562,하나금융25호스팩,435620,코스닥,True,B,1_notation_diff,하나금융25호기업인수목적
43587,SK증권제8호스팩,435870,코스닥,True,B,1_notation_diff,에스케이증권제8호기업인수목적
43653,케이비제22호스팩,436530,코스닥,False,B,0_non_distress,케이비제22호기업인수목적
43661,한국제11호스팩,436610,코스닥,False,B,0_non_distress,한국제11호기업인수목적
43778,엔에이치스팩24호,437780,코스닥,True,B,1_notation_diff,엔에이치기업인수목적24호
43822,대신밸런스제13호스팩,438220,코스닥,False,B,0_non_distress,대신밸런스제13호기업인수목적
43858,엔에이치스팩25호,438580,코스닥,True,B,1_notation_diff,엔에이치기업인수목적25호
43925,삼성스팩7호,439250,코스닥,True,B,1_notation_diff,삼성기업인수목적7호
43941,엔에이치스팩26호,439410,코스닥,True,B,1_notation_diff,엔에이치기업인수목적26호
43973,IBKS제20호스팩,439730,코스닥,True,B,1_notation_diff,아이비케이에스제20호기업인수목적
44020,케이비제23호스팩,440200,코스닥,False,B,0_non_distress,케이비제23호기업인수목적
44079,교보13호스팩,440790,코스닥,True,B,1_notation_diff,교보13호기업인수목적
44082,엔에이치스팩27호,440820,코스닥,True,B,1_notation_diff,엔에이치기업인수목적27호
44213,유진스팩9호,442130,코스닥,True,B,1_notation_diff,유진기업인수목적9호
44231,대신밸런스제14호스팩,442310,코스닥,True,B,1_notation_diff,대신밸런스제14호기업인수목적
44277,IBKS제21호스팩,442770,코스닥,False,B,0_non_distress,아이비케이에스제21호기업인수목적
44290,미래에셋드림스팩1호,442900,코스닥,True,B,1_notation_diff,미래에셋드림기업인수목적1호
44492,유안타제11호스팩,444920,코스닥,True,B,1_notation_diff,유안타제11호기업인수목적
44536,비엔케이제1호스팩,445360,코스닥,True,B,1_notation_diff,비엔케이제1호기업인수목적
44597,신영스팩9호,445970,코스닥,True,B,1_notation_diff,신영해피투모로우제9호기업인수목적
44615,유안타제12호스팩,446150,코스닥,True,B,1_notation_diff,유안타제12호기업인수목적
44619,미래에셋비전스팩2호,446190,코스닥,False,B,0_non_distress,미래에셋비전기업인수목적2호
44660,카이바이오텍,446600,코넥스,True,C,,
44675,하나26호스팩,446750,코스닥,True,B,1_notation_diff,하나26호기업인수목적
44837,하나27호스팩,448370,코스닥,True,B,1_notation_diff,하나27호기업인수목적
44874,삼성스팩8호,448740,코스닥,True,B,1_notation_diff,삼성기업인수목적8호
44876,IBKS제22호스팩,448760,코스닥,False,B,0_non_distress,아이비케이에스제22호기업인수목적
44883,미래에셋비전스팩3호,448830,코스닥,False,B,0_non_distress,미래에셋비전기업인수목적3호
44890,한국피아이엠,448900,코넥스,False,C,,
44902,유안타제13호스팩,449020,코스닥,True,B,1_notation_diff,유안타제13호기업인수목적
45005,하이제8호스팩,450050,코스닥,True,B,1_notation_diff,하이제8호기업인수목적
45014,코오롱모빌리티그룹,450140,유가증권,False,C,,
45041,엔에이치스팩28호,450410,코스닥,False,B,0_non_distress,엔에이치기업인수목적28호
45094,유안타제14호스팩,450940,코스닥,True,B,1_notation_diff,유안타제14호기업인수목적
45170,엔에이치스팩29호,451700,코스닥,False,B,0_non_distress,엔에이치기업인수목적29호
45267,상상인제4호스팩,452670,코스닥,True,B,1_notation_diff,상상인제4호기업인수목적
45298,신한제11호스팩,452980,코스닥,True,B,1_notation_diff,신한제11호기업인수목적
45464,하나29호스팩,454640,코스닥,True,B,1_notation_diff,하나29호기업인수목적
45475,하나28호스팩,454750,코스닥,False,B,0_non_distress,하나28호기업인수목적
45525,KB제25호스팩,455250,코스닥,True,B,1_notation_diff,케이비제25호기업인수목적
45531,한화플러스제4호스팩,455310,코스닥,True,B,1_notation_diff,한화플러스제4호기업인수목적
45591,SK증권제9호스팩,455910,코스닥,True,B,1_notation_diff,에스케이증권제9호기업인수목적
45644,DB금융스팩11호,456440,코스닥,False,B,0_non_distress,디비금융제11호기업인수목적
45649,교보14호스팩,456490,코스닥,True,B,1_notation_diff,교보14호기업인수목적
45670,길교이앤씨,456700,코넥스,False,C,,
45739,대신밸런스제15호스팩,457390,코스닥,False,B,0_non_distress,대신밸런스제15호기업인수목적
45763,대신밸런스제16호스팩,457630,코스닥,True,B,1_notation_diff,대신밸런스제16호기업인수목적
45794,SK증권제10호스팩,457940,코스닥,True,B,1_notation_diff,에스케이증권제10호기업인수목적
45832,KB제26호스팩,458320,코스닥,False,B,0_non_distress,케이비제26호기업인수목적
45861,한국제12호스팩,458610,코스닥,True,B,1_notation_diff,한국제12호기업인수목적
46202,에이치엠씨제6호스팩,462020,코스닥,True,B,1_notation_diff,에이치엠씨아이비제6호기업인수목적
46444,한국제13호스팩,464440,코스닥,True,B,1_notation_diff,한국제13호기업인수목적
46468,KB제27호스팩,464680,코스닥,True,B,1_notation_diff,케이비제27호기업인수목적
46691,엔에이치스팩30호,466910,코스닥,False,B,0_non_distress,엔에이치기업인수목적30호
46851,삼성스팩9호,468510,코스닥,False,B,0_non_distress,삼성기업인수목적9호
47337,비엔케이제2호스팩,473370,코스닥,False,B,0_non_distress,비엔케이제2호기업인수목적
47647,KB제28호스팩,476470,코스닥,False,B,0_non_distress,케이비제28호기업인수목적
47753,한국제14호스팩,477530,코스닥,False,B,0_non_distress,한국제14호기업인수목적
47878,대신밸런스제18호스팩,478780,코스닥,False,B,0_non_distress,대신밸런스제18호기업인수목적
49590,에이엠시지,495900,코넥스,True,C,,
CHN01,중국원양자원,900050,유가증권,True,B,1_notation_diff,중국원양자원유한공사
CYM01,평산차업,950010,유가증권,True,B,1_notation_diff,평산차업집단유한공사
CYM02,3노드디지탈,900010,코스닥,True,B,1_notation_diff,3노드디지탈그룹유한공사
CYM03,코웰이홀딩스,900020,코스닥,True,B,1_notation_diff,코웰이홀딩스유한공사
CYM04,차이나그레이트,900040,코스닥,True,B,1_notation_diff,차이나그레이트스타인터내셔널리미티드
CYM16,골든센츄리,900280,코스닥,True,B,5_unresolved,케이만금세기차륜집단유한공사
HKG01,연합과기,900030,유가증권,True,B,1_notation_diff,연합과기공고유한공사
HKG02,중국식품포장,900060,코스닥,True,B,1_notation_diff,중국식품포장유한공사
HKG03,에스앤씨엔진그룹,900080,코스닥,True,B,1_notation_diff,에스앤씨엔진그룹리미티드
HKG04,차이나하오란,900090,코스닥,True,B,1_notation_diff,차이나하오란리사이클링유한공사
HKG06,성융광전투자,900150,코스닥,True,B,1_notation_diff,성융광전투자유한공사
HKG07,웨이포트,900130,코스닥,True,B,1_notation_diff,웨이포트유한공사
HKG10,완리,900180,코스닥,True,B,1_notation_diff,완리인터내셔널홀딩스
JPN02,네프로아이티,950030,코스닥,True,C,,
JPN06,SBI모기지,950100,유가증권,True,B,5_unresolved,아루히
JPN07,SBI핀테크솔루션즈,950110,코스닥,True,C,,
JPN10,SNK,950180,코스닥,True,B,5_unresolved,에스앤케이
SGP04,중국고섬,950070,유가증권,True,B,1_notation_diff,중국고섬공고유한공사
